supplier_id,supplier_reliability,previous_delays,average_lead_time,demand,inventory_level,weather_risk,transportation_risk,distance,supplier_capacity,shipment_size,historical_disruptions,disrupted
SUP-020,78.5,2,12.0,4467,10781,0.6,2.2,377.0,4064,3186,3,0
SUP-029,53.2,7,17.4,2704,6472,1.3,3.6,3727.0,14102,1742,6,1
SUP-033,62.3,8,17.5,2988,10357,2.3,1.2,873.0,6491,1938,7,1
SUP-014,88.6,5,16.3,2910,4527,2.8,4.7,274.0,13412,2265,4,0
SUP-038,70.2,2,20.6,9144,21538,2.7,5.1,730.0,39308,8149,4,1
SUP-039,57.0,3,22.8,13685,12306,0.7,6.0,660.0,26979,12584,4,1
SUP-008,86.7,4,14.9,4117,13374,2.9,3.5,594.0,23870,5486,6,0
SUP-002,68.3,6,16.8,3746,8676,0.5,0.8,108.0,9807,1967,5,0
SUP-008,86.7,4,20.3,1626,2323,0.4,2.5,366.0,5637,1088,6,0
SUP-008,86.7,4,12.7,1866,4983,4.1,2.5,1376.0,10835,1571,6,0
SUP-020,78.5,2,17.9,676,1133,2.8,3.8,398.0,1262,603,3,0
SUP-040,80.5,1,15.6,3016,4069,4.0,5.0,932.0,12620,2993,6,1
SUP-002,68.3,6,17.3,3874,5976,0.9,5.9,799.0,9709,2238,5,0
SUP-027,69.7,11,17.2,1536,1735,6.5,1.1,162.0,8539,1191,0,0
SUP-029,53.2,7,22.8,2091,2829,1.7,2.9,,11566,2739,6,0
SUP-032,96.3,11,10.5,2973,3351,3.0,2.8,298.0,2562,4124,2,0
SUP-037,51.9,0,18.3,738,1861,1.1,0.7,149.0,3219,781,1,0
SUP-020,78.5,2,16.8,3307,1663,1.7,1.1,177.0,9377,3387,3,0
SUP-027,69.7,11,15.9,1125,2298,2.7,1.9,232.0,2258,971,0,0
SUP-005,50.0,9,23.2,5975,8274,0.3,5.6,241.0,21215,6362,6,0
SUP-018,48.4,10,14.0,8578,2819,1.6,2.9,1932.0,38104,6634,0,1
SUP-005,50.0,9,15.1,1965,5879,1.0,5.8,1244.0,1902,2308,6,1
SUP-038,70.2,2,17.2,7470,4064,3.3,5.0,470.0,32681,5877,4,0
SUP-010,68.9,12,19.8,3899,5007,3.1,2.2,271.0,5136,5182,5,1
SUP-015,68.5,13,11.6,1101,980,1.9,3.3,232.0,4503,1345,6,1
SUP-013,79.1,12,15.2,2504,8534,5.0,3.6,756.0,11039,2319,0,0
SUP-006,96.7,10,11.2,1183,2975,4.8,0.6,870.0,5457,1206,4,0
SUP-034,64.6,6,18.6,4959,10241,2.3,2.5,328.0,27691,6554,2,0
SUP-035,69.9,7,20.5,3291,6713,3.7,1.7,996.0,15484,4094,3,0
SUP-036,55.0,8,16.1,613,390,3.8,4.0,691.0,1879,750,5,1
SUP-013,79.1,12,23.1,4218,12809,1.6,1.3,262.0,22645,3635,0,0
SUP-011,64.7,6,20.8,2291,4379,1.5,2.0,465.0,8323,2507,4,0
SUP-030,81.2,10,13.9,1840,2788,3.9,4.9,1010.0,5986,1883,0,0
SUP-026,55.3,11,17.3,2862,3654,1.0,3.7,1530.0,11346,1751,6,0
SUP-013,79.1,12,18.4,100,256,0.6,2.4,273.0,500,130,0,0
SUP-012,94.1,12,19.0,1403,2322,3.9,5.4,244.0,5359,1165,4,1
SUP-038,70.2,2,16.3,1744,369,3.4,4.2,899.0,1962,1043,4,0
SUP-024,92.3,0,17.3,938,2605,1.8,2.6,590.0,4518,1203,3,0
SUP-012,94.1,12,15.0,344,1127,2.7,2.7,541.0,1736,271,4,1
SUP-002,68.3,6,20.8,5278,6442,1.1,1.2,421.0,4397,7123,5,0
SUP-011,64.7,6,17.2,5950,19223,3.7,7.4,523.0,27445,7284,4,1
SUP-024,92.3,0,11.7,3518,6091,2.9,4.8,569.0,8166,3405,3,0
SUP-011,64.7,6,18.9,1011,2967,3.6,5.2,274.0,3244,951,4,1
SUP-034,64.6,6,11.4,9961,30283,1.2,6.0,278.0,8513,8889,2,0
SUP-040,80.5,1,9.2,3614,6948,3.4,3.7,794.0,5604,1989,6,0
SUP-005,50.0,9,22.0,2010,1792,6.3,1.6,333.0,8891,1783,6,0
SUP-028,47.3,9,21.4,12271,30758,3.5,7.5,2032.0,27685,11870,1,0
SUP-027,69.7,11,10.1,6775,21816,0.2,2.8,802.0,31588,7573,0,0
SUP-025,86.3,11,13.8,2586,2981,1.0,4.0,792.0,13618,1766,7,0
SUP-032,96.3,11,15.2,1583,527,3.9,1.6,370.0,4799,1438,2,0
SUP-027,69.7,11,12.2,990,1556,1.0,5.8,208.0,1156,1123,0,0
SUP-013,79.1,12,14.4,762,1703,4.3,1.1,83.0,2758,494,0,0
SUP-034,64.6,6,15.8,2893,5322,3.8,2.5,3672.0,11091,3101,2,0
SUP-021,85.2,12,12.8,2100,6664,2.8,3.7,399.0,8121,1754,7,0
SUP-024,92.3,0,15.8,1869,4938,3.9,5.0,281.0,4723,2324,3,0
SUP-038,70.2,2,9.6,4608,12298,1.1,4.4,1650.0,16436,3794,4,0
SUP-036,55.0,8,25.0,4541,11065,2.2,6.1,343.0,15770,3204,5,1
SUP-001,86.0,14,16.1,2349,1936,4.9,2.3,350.0,9601,2740,3,0
SUP-013,79.1,12,15.7,4494,8444,1.3,3.8,235.0,26431,4991,0,0
SUP-001,86.0,14,4.8,715,1308,2.5,2.4,239.0,862,495,3,0
SUP-010,68.9,12,17.1,16980,15970,2.4,5.2,321.0,48209,13019,5,1
SUP-026,55.3,11,10.1,9269,13788,3.3,1.8,325.0,47296,5106,6,0
SUP-010,68.9,12,17.0,4497,11928,1.5,3.1,973.0,11185,6006,5,0
SUP-003,90.5,2,11.4,6653,18066,,6.1,1899.0,13374,4707,5,0
SUP-033,62.3,8,14.0,8908,11061,1.3,1.5,900.0,14939,4514,7,1
SUP-003,90.5,2,17.2,930,2096,0.2,3.6,253.0,2725,1131,5,0
SUP-016,57.0,4,22.8,1892,659,0.9,1.6,741.0,6802,1267,2,1
SUP-008,86.7,4,8.6,4280,13316,0.9,4.5,589.0,17785,5079,6,0
SUP-020,78.5,2,15.0,4885,1061,2.0,2.5,2143.0,9505,3128,3,0
SUP-002,68.3,6,11.0,1347,3627,6.2,4.2,563.0,1443,1560,5,0
SUP-026,55.3,11,23.0,1722,1405,0.2,0.6,290.0,6130,2172,6,1
SUP-039,57.0,3,14.2,1927,2577,5.4,3.0,815.0,1819,1119,4,1
SUP-037,51.9,0,13.6,1353,3308,0.5,1.8,1034.0,3808,1119,1,0
SUP-027,69.7,11,13.8,1189,475,3.4,3.7,1662.0,1003,696,0,1
SUP-015,68.5,13,11.7,926,2129,3.3,4.1,477.0,973,789,6,0
SUP-040,80.5,1,16.2,2450,7904,3.7,5.4,285.0,7393,1436,6,0
SUP-039,57.0,3,17.3,2414,7012,1.1,5.3,207.0,11965,3296,4,0
SUP-001,86.0,14,12.5,8268,5632,5.4,4.1,84.0,44272,4541,3,1
SUP-003,90.5,2,12.2,10140,20145,3.5,2.9,462.0,42101,7696,5,0
SUP-024,92.3,0,13.5,6223,10718,2.7,3.6,352.0,5494,3858,3,0
SUP-011,64.7,6,20.3,3647,6182,4.2,3.4,208.0,6877,3118,4,1
SUP-037,51.9,0,17.9,3277,9297,3.6,3.1,1110.0,19460,2701,1,0
SUP-002,68.3,6,21.5,5481,17940,1.5,1.6,858.0,21713,5248,5,0
SUP-001,86.0,14,10.2,1060,1472,1.1,2.4,123.0,3694,852,3,0
SUP-029,53.2,7,15.3,572,1349,1.7,0.9,272.0,649,347,6,0
SUP-012,94.1,12,12.8,3179,7568,2.4,5.0,1550.0,13671,2913,4,0
SUP-028,47.3,9,20.3,8912,26871,1.7,1.5,554.0,8463,11018,1,0
SUP-015,68.5,13,14.9,2513,2912,,1.4,510.0,6634,2783,6,0
SUP-007,85.3,1,9.9,2449,6011,0.7,1.8,534.0,3325,1474,0,0
SUP-026,55.3,11,8.5,2749,9379,3.7,3.8,226.0,3427,1772,6,0
SUP-012,94.1,12,8.8,2792,1055,3.0,1.9,349.0,16737,3693,4,0
SUP-002,68.3,6,15.8,2439,6813,4.9,1.8,429.0,9452,1441,5,0
SUP-033,62.3,8,22.8,4848,4395,2.2,2.3,351.0,18561,3971,7,1
SUP-032,96.3,11,7.9,1648,3894,5.4,2.8,837.0,6960,2075,2,0
SUP-025,86.3,11,13.6,1330,2618,1.2,4.0,318.0,5854,733,7,1
SUP-014,88.6,5,13.8,2996,8880,2.1,3.7,224.0,9009,2047,4,0
SUP-004,82.0,12,17.5,1186,1902,6.8,8.2,385.0,1277,1528,3,1
SUP-007,85.3,1,13.0,4458,12457,2.6,1.8,1708.0,16928,3377,0,0
SUP-016,57.0,4,7.9,3211,9886,2.3,1.9,683.0,5945,3919,2,0
SUP-023,96.4,12,18.2,2931,10170,2.9,8.5,293.0,2529,2933,2,0
SUP-038,70.2,2,15.2,2241,4935,0.6,4.4,329.0,12205,2837,4,0
SUP-015,68.5,13,10.8,2550,7068,1.3,3.0,320.0,10348,2223,6,0
SUP-016,57.0,4,13.4,7538,3312,4.6,2.5,185.0,6978,6911,2,0
SUP-006,96.7,10,10.2,12016,40361,3.5,5.6,479.0,16131,7988,4,0
SUP-001,86.0,14,11.1,7085,18141,3.6,4.2,227.0,38470,7339,3,1
SUP-012,94.1,12,12.7,2819,8559,5.0,4.3,600.0,8826,2118,4,0
SUP-010,68.9,12,12.6,8599,7763,4.5,1.8,219.0,39657,5967,5,0
SUP-023,96.4,12,8.1,2393,3447,2.3,6.6,98.0,12286,1419,2,0
SUP-013,79.1,12,14.5,12066,8556,1.1,3.5,583.0,51610,13106,0,0
SUP-010,68.9,12,15.3,13082,17473,5.7,2.6,417.0,57812,14317,5,0
SUP-023,96.4,12,11.3,1937,492,5.4,3.2,1134.0,6318,1255,2,0
SUP-023,96.4,12,9.9,3744,8228,3.1,3.5,1032.0,6068,2835,2,0
SUP-006,96.7,10,11.1,1415,4679,,0.7,426.0,5483,1931,4,0
SUP-015,68.5,13,10.0,9079,29736,1.4,3.5,532.0,53750,5579,6,0
SUP-009,51.8,11,17.6,26980,76051,2.6,1.3,769.0,84618,20296,4,0
SUP-027,69.7,11,14.5,5011,11868,3.4,5.5,640.0,26628,4118,0,0
SUP-032,96.3,11,10.7,10106,33637,6.9,3.4,276.0,48932,8200,2,0
SUP-036,55.0,8,17.6,4548,14727,4.4,3.0,1972.0,26073,3473,5,0
SUP-036,55.0,8,15.8,1540,5023,4.3,1.6,357.0,5511,1327,5,0
SUP-010,68.9,12,21.5,4667,13388,0.7,5.8,134.0,21795,5928,5,0
SUP-008,86.7,4,17.6,1425,4745,1.6,1.5,1181.0,2439,1065,6,0
SUP-013,79.1,12,12.4,6018,2713,4.1,2.1,1276.0,16755,5023,0,1
SUP-018,48.4,10,21.7,1278,1949,3.1,1.8,2762.0,5919,1245,0,0
SUP-035,69.9,7,13.8,1433,2727,2.2,0.8,,3475,782,3,0
SUP-019,88.9,9,17.3,1407,3634,2.1,2.3,264.0,2027,1757,2,1
SUP-039,57.0,3,18.6,1042,1180,3.7,3.7,367.0,1818,1435,4,1
SUP-020,78.5,2,15.4,6730,14276,7.1,5.3,977.0,29180,8304,3,0
SUP-035,69.9,7,15.4,2952,5540,5.4,3.1,251.0,9875,2360,3,0
SUP-036,55.0,8,15.4,2174,2586,4.1,4.2,496.0,9163,2680,5,1
SUP-010,68.9,12,16.4,6753,17810,,2.6,160.0,15423,7089,5,0
SUP-009,51.8,11,20.0,4377,6814,3.2,4.0,874.0,18691,3987,4,1
SUP-016,57.0,4,21.4,3281,7109,2.5,1.5,291.0,13819,2239,2,0
SUP-021,85.2,12,16.8,1321,3966,1.9,5.0,340.0,7010,1514,7,0
SUP-026,55.3,11,13.2,1623,4658,1.4,2.6,568.0,6281,1419,6,0
SUP-016,57.0,4,17.4,5879,15822,4.7,7.1,275.0,13938,3821,2,1
SUP-037,51.9,0,17.8,2070,1706,3.3,2.0,1321.0,9274,2194,1,0
SUP-039,57.0,3,9.8,5977,19675,4.1,4.9,243.0,21753,6305,4,1
SUP-031,84.5,4,13.6,1998,2140,3.3,0.9,,8004,1872,6,0
SUP-016,57.0,4,18.0,2314,3305,0.1,2.8,762.0,5805,2780,2,0
SUP-001,86.0,14,14.9,2367,5406,3.4,2.2,1387.0,7202,1496,3,0
SUP-014,88.6,5,14.3,6089,9433,1.2,6.0,614.0,29323,4124,4,0
SUP-035,69.9,7,16.3,3912,11922,3.4,6.5,510.0,9050,5059,3,1
SUP-040,80.5,1,9.8,7958,10499,1.8,6.1,1691.0,42107,10625,6,0
SUP-038,70.2,2,15.1,5178,13214,2.3,6.2,1640.0,7311,5691,4,0
SUP-035,69.9,7,14.6,4334,1111,4.2,1.0,1569.0,17564,3484,3,0
SUP-031,84.5,4,12.2,2406,8163,0.5,7.7,856.0,9238,3161,6,0
SUP-038,70.2,2,13.3,4481,14056,2.5,2.8,564.0,21056,5187,4,0
SUP-006,96.7,10,19.8,4052,9308,2.2,4.0,356.0,22761,3122,4,0
SUP-006,96.7,10,9.4,2287,3500,2.0,4.0,788.0,11449,1748,4,1
SUP-040,80.5,1,17.3,6390,18242,5.3,5.1,527.0,26523,4798,6,0
SUP-006,96.7,10,17.0,829,593,2.1,4.7,322.0,678,740,4,0
SUP-021,85.2,12,9.5,13146,38640,3.5,6.1,769.0,19948,13566,7,1
SUP-013,79.1,12,7.8,2424,4638,2.0,5.4,624.0,6251,1743,0,0
SUP-015,68.5,13,12.9,2662,8835,3.2,4.5,656.0,2833,3127,6,1
SUP-040,80.5,1,19.4,5816,15748,2.5,6.9,720.0,25688,3635,6,0
SUP-011,64.7,6,13.6,3773,6980,3.4,4.8,646.0,8245,4217,4,0
SUP-023,96.4,12,18.0,1823,5032,2.5,2.2,660.0,7072,2337,2,0
SUP-033,62.3,8,9.7,2585,6339,4.0,3.4,339.0,10707,2810,7,0
SUP-012,94.1,12,12.6,2600,8169,1.4,2.1,924.0,14900,2370,4,0
SUP-024,92.3,0,25.3,1183,834,1.9,4.2,869.0,5191,1090,3,0
SUP-019,88.9,9,12.5,6505,17602,1.4,2.3,319.0,18436,4724,2,0
SUP-038,70.2,2,12.8,6981,15847,2.3,5.2,171.0,12749,3684,4,0
SUP-022,63.8,2,20.9,3199,2769,2.5,0.6,232.0,7492,2760,1,0
SUP-005,50.0,9,27.6,1478,1389,1.7,4.7,491.0,8456,1281,6,1
SUP-031,84.5,4,12.0,1958,6128,2.8,2.4,152.0,9393,2538,6,0
SUP-001,86.0,14,21.3,8464,1704,4.6,5.4,524.0,9233,7007,3,1
SUP-008,86.7,4,10.4,3293,6477,0.8,4.8,2426.0,7987,1663,6,0
SUP-032,96.3,11,13.2,8018,3655,1.2,3.2,874.0,40430,6611,2,0
SUP-034,64.6,6,16.8,5855,4361,2.3,4.7,1483.0,23806,6515,2,0
SUP-002,68.3,6,17.8,6453,18396,3.4,4.5,552.0,9347,5756,5,0
SUP-039,57.0,3,13.5,4239,1282,2.1,2.2,50.0,11783,5146,4,0
SUP-006,96.7,10,15.4,5630,3919,0.2,0.9,1695.0,11367,6424,4,0
SUP-037,51.9,0,17.2,14127,45129,2.6,2.8,128.0,24374,12430,1,0
SUP-011,64.7,6,16.9,3172,2560,3.8,5.1,1171.0,14928,3462,4,1
SUP-033,62.3,8,26.1,1455,2743,2.8,4.5,763.0,1603,1660,7,1
SUP-001,86.0,14,8.4,1220,2887,6.2,3.8,356.0,3874,1366,3,0
SUP-032,96.3,11,20.0,692,1964,2.7,1.7,301.0,1436,696,2,0
SUP-033,62.3,8,22.8,1023,2303,5.2,4.2,775.0,2294,926,7,0
SUP-019,88.9,9,15.2,6084,16124,3.0,3.1,623.0,26403,3122,2,0
SUP-028,47.3,9,17.9,916,3205,2.3,5.8,130.0,3724,512,1,0
SUP-012,94.1,12,13.2,3948,11327,4.1,3.6,1071.0,17554,4227,4,1
SUP-004,82.0,12,10.0,4879,4838,1.9,4.9,346.0,11873,4276,3,0
SUP-012,94.1,12,18.1,2255,3312,2.3,5.9,561.0,7722,2878,4,1
SUP-010,68.9,12,23.3,8052,8715,2.0,2.4,233.0,10350,6881,5,0
SUP-010,68.9,12,22.8,2671,3733,2.3,4.6,362.0,12988,1846,5,0
SUP-012,94.1,12,15.5,4712,13236,3.0,2.9,551.0,17355,3956,4,1
SUP-006,96.7,10,16.1,2083,1434,1.0,2.2,615.0,7032,1046,4,0
SUP-025,86.3,11,11.3,4715,2565,2.1,2.1,449.0,13943,2883,7,0
SUP-016,57.0,4,8.4,2246,2095,1.5,4.5,2115.0,11294,1639,2,0
SUP-016,57.0,4,18.2,2501,4466,3.0,4.5,426.0,6968,3356,2,0
SUP-027,69.7,11,6.7,3800,10499,1.3,3.1,544.0,5963,5023,0,0
SUP-031,84.5,4,14.7,3755,7331,2.8,2.2,535.0,6076,3434,6,0
SUP-012,94.1,12,6.2,1571,1780,,5.4,347.0,3882,1383,4,0
SUP-012,94.1,12,22.9,6282,15325,3.1,6.8,551.0,25296,8127,4,1
SUP-033,62.3,8,20.8,1014,3223,1.0,4.2,372.0,2993,681,7,0
SUP-007,85.3,1,17.8,2978,6625,1.8,2.9,2244.0,6690,1755,0,0
SUP-018,48.4,10,21.3,887,1715,1.7,2.1,510.0,4454,592,0,0
SUP-008,86.7,4,14.0,1004,914,4.2,1.5,208.0,4693,620,6,0
SUP-036,55.0,8,19.1,3237,1771,1.5,4.9,190.0,5020,1920,5,1
SUP-021,85.2,12,4.2,677,1467,0.6,0.8,521.0,2345,824,7,0
SUP-034,64.6,6,21.0,2562,8704,2.6,2.2,1749.0,8026,1383,2,0
SUP-011,64.7,6,18.7,2711,1868,5.6,3.6,469.0,15283,2826,4,0
SUP-040,80.5,1,17.8,477,1208,2.1,6.9,2336.0,2751,454,6,0
SUP-023,96.4,12,18.0,3675,10679,4.6,4.9,251.0,13004,3241,2,0
SUP-019,88.9,9,13.3,1985,5767,4.2,2.7,676.0,11460,1983,2,1
SUP-038,70.2,2,11.3,2660,6228,1.5,2.5,852.0,12894,2324,4,0
SUP-017,74.4,3,13.1,8376,1984,3.8,2.4,202.0,29726,8669,4,0
SUP-032,96.3,11,11.6,522,1066,4.6,4.0,883.0,947,418,2,1
SUP-038,70.2,2,18.7,4765,9863,1.8,2.3,538.0,18306,5255,4,0
SUP-013,79.1,12,18.3,1569,1958,7.2,4.5,524.0,2358,2132,0,0
SUP-032,96.3,11,4.3,1452,1237,3.0,2.4,533.0,5671,1038,2,0
SUP-024,92.3,0,12.1,1296,1373,2.8,2.8,368.0,5244,858,3,0
SUP-005,50.0,9,19.7,5453,5923,3.3,2.3,880.0,11196,6792,6,1
SUP-007,85.3,1,13.4,2711,762,2.6,6.3,1268.0,9213,1728,0,0
SUP-003,90.5,2,9.9,16419,30007,4.7,4.7,1302.0,42099,15878,5,0
SUP-002,68.3,6,17.2,2250,7683,2.0,3.3,472.0,11681,2442,5,0
SUP-025,86.3,11,11.5,2080,5443,2.5,2.0,1024.0,11432,2447,7,0
SUP-027,69.7,11,21.6,358,313,1.8,0.4,401.0,1269,459,0,0
SUP-039,57.0,3,13.2,1525,548,4.6,4.7,493.0,8543,1417,4,1
SUP-024,92.3,0,13.7,1889,6570,5.3,2.5,5048.0,5781,1923,3,0
SUP-013,79.1,12,7.9,2106,3137,1.9,4.9,505.0,6665,1104,0,0
SUP-003,90.5,2,16.0,2383,6854,2.6,0.6,989.0,6713,1794,5,0
SUP-028,47.3,9,16.4,923,321,2.6,4.3,582.0,4695,811,1,1
SUP-025,86.3,11,14.2,2637,5343,0.9,5.4,330.0,11707,2856,7,0
SUP-038,70.2,2,18.1,2532,5055,3.4,2.3,248.0,4954,3184,4,0
SUP-015,68.5,13,13.9,1702,3799,2.0,4.8,355.0,7733,1802,6,0
SUP-020,78.5,2,16.0,2412,7667,2.0,3.4,767.0,2187,2514,3,0
SUP-012,94.1,12,8.9,3653,3612,4.9,2.5,1090.0,16463,3472,4,0
SUP-033,62.3,8,16.3,1810,4110,0.6,3.5,487.0,10138,1184,7,0
SUP-029,53.2,7,26.5,1749,2285,4.2,4.0,148.0,1510,1869,6,1
SUP-029,53.2,7,16.5,5674,12077,4.5,2.9,293.0,23821,3757,6,0
SUP-011,64.7,6,18.2,826,2714,2.0,5.2,132.0,2461,1117,4,0
SUP-013,79.1,12,15.1,4081,7669,5.8,3.6,1712.0,23939,3573,0,1
SUP-022,63.8,2,17.3,1980,6347,1.5,3.5,889.0,2645,1256,1,0
SUP-040,80.5,1,15.9,1911,776,2.7,3.5,806.0,9030,1839,6,0
SUP-014,88.6,5,9.1,12218,35852,3.0,2.2,966.0,25129,9879,4,0
SUP-012,94.1,12,11.2,4161,3950,1.6,3.0,294.0,10844,3559,4,0
SUP-014,88.6,5,13.0,2086,1291,1.9,2.7,1214.0,9617,2062,4,0
SUP-032,96.3,11,14.5,1142,1070,2.1,7.7,198.0,1913,1055,2,0
SUP-038,70.2,2,16.5,7127,10406,3.7,1.6,811.0,25927,8070,4,0
SUP-021,85.2,12,13.4,10176,9237,5.1,3.6,50.0,9684,6499,7,1
SUP-025,86.3,11,16.0,6297,7248,1.5,3.2,860.0,24121,8694,7,0
SUP-002,68.3,6,18.0,8275,22274,5.4,2.2,821.0,38787,7761,5,1
SUP-003,90.5,2,9.0,3457,2014,1.2,3.5,742.0,8250,2850,5,0
SUP-005,50.0,9,15.3,6440,9093,0.8,3.3,363.0,34224,8444,6,1
SUP-001,86.0,14,8.1,1252,2942,0.8,3.2,886.0,3568,1542,3,0
SUP-026,55.3,11,16.4,3739,7755,5.2,1.8,134.0,20416,2803,6,1
SUP-009,51.8,11,19.0,1367,476,5.0,2.3,1315.0,7583,1411,4,1
SUP-020,78.5,2,17.4,4382,14871,1.6,1.2,245.0,20410,3656,3,0
SUP-010,68.9,12,13.8,1960,1460,3.3,5.7,637.0,9825,1007,5,1
SUP-002,68.3,6,21.2,925,938,2.5,1.7,1760.0,1402,959,5,0
SUP-001,86.0,14,18.8,1684,2420,5.4,1.6,338.0,5726,2161,3,1
SUP-032,96.3,11,8.7,2086,3797,0.5,3.4,80.0,1851,1557,2,0
SUP-005,50.0,9,13.5,4358,2483,7.9,5.0,688.0,10021,4271,6,1
SUP-016,57.0,4,11.5,3520,5790,2.1,1.7,223.0,3187,4529,2,0
SUP-014,88.6,5,17.4,8110,24230,2.1,0.6,2900.0,21986,6395,4,0
SUP-013,79.1,12,15.6,1071,675,0.4,2.9,494.0,2616,1170,0,0
SUP-008,86.7,4,17.6,2578,3004,3.6,6.9,1874.0,12838,2050,6,1
SUP-031,84.5,4,18.5,729,1882,2.8,4.5,729.0,4062,1010,6,0
SUP-007,85.3,1,14.3,732,407,3.3,0.2,226.0,4278,871,0,0
SUP-022,63.8,2,21.0,7228,9378,4.6,1.0,387.0,22297,9395,1,0
SUP-001,86.0,14,14.0,6179,4040,1.1,4.1,1098.0,23067,3432,3,0
SUP-002,68.3,6,13.4,5780,15164,4.7,6.3,185.0,26590,3378,5,1
SUP-007,85.3,1,13.2,2340,3537,1.8,4.3,1561.0,10192,2029,0,0
SUP-040,80.5,1,17.8,477,1208,2.1,6.9,2336.0,2751,454,6,0
SUP-011,64.7,6,13.5,7919,12879,1.9,3.3,535.0,8607,4115,4,1
SUP-014,88.6,5,12.9,3045,2525,0.5,9.1,784.0,7962,2597,4,1
SUP-021,85.2,12,12.4,3693,1574,2.9,1.3,421.0,18133,4590,7,0
SUP-032,96.3,11,12.8,4062,11324,3.3,3.4,165.0,15913,2036,2,0
SUP-016,57.0,4,18.8,2141,6893,2.1,5.1,789.0,3865,2759,2,0
SUP-026,55.3,11,11.9,6796,19878,4.1,0.9,93.0,31597,7017,6,1
SUP-040,80.5,1,20.0,1741,5676,5.5,7.1,2474.0,8525,1235,6,0
SUP-009,51.8,11,21.4,7022,21269,3.6,2.8,1110.0,31139,5432,4,0
SUP-018,48.4,10,15.8,7327,10581,0.2,2.8,264.0,22521,4742,0,1
SUP-011,64.7,6,16.4,4081,3589,3.1,3.4,996.0,13302,2179,4,1
SUP-003,90.5,2,8.1,8173,7903,6.3,2.9,131.0,25171,7804,5,0
SUP-022,63.8,2,8.9,2666,7334,3.0,0.4,192.0,9685,3584,1,0
SUP-009,51.8,11,13.9,1446,980,4.1,3.3,693.0,3690,913,4,1
SUP-015,68.5,13,21.7,2226,3023,2.4,3.5,3507.0,9771,2099,6,1
SUP-015,68.5,13,14.5,1077,2977,0.6,2.7,851.0,1090,1363,6,0
SUP-027,69.7,11,15.6,2585,5770,2.0,5.1,582.0,8962,3115,0,0
SUP-023,96.4,12,9.2,410,309,2.1,5.1,546.0,2372,336,2,0
SUP-020,78.5,2,14.8,2436,8425,4.4,7.4,1790.0,14383,2475,3,1
SUP-003,90.5,2,18.4,2601,4616,3.5,3.5,1338.0,8766,2254,5,0
SUP-007,85.3,1,17.5,1658,853,1.6,1.7,1013.0,5911,2051,0,0
SUP-018,48.4,10,25.6,2255,7012,2.8,4.0,197.0,4263,1312,0,0
SUP-012,94.1,12,17.7,9011,17410,1.5,1.9,429.0,20671,7850,4,0
SUP-009,51.8,11,19.5,6833,9291,0.5,0.8,1334.0,33335,4473,4,1
SUP-032,96.3,11,18.1,9399,32165,0.8,4.4,500.0,9070,10871,2,0
SUP-029,53.2,7,16.9,2933,3478,4.1,1.3,444.0,10811,2348,6,1
SUP-038,70.2,2,25.5,1842,6286,2.8,6.4,673.0,5379,1313,4,1
SUP-014,88.6,5,15.7,2598,5585,4.2,2.2,1200.0,3236,2313,4,0
SUP-012,94.1,12,25.5,1869,4175,2.3,2.4,627.0,9216,1703,4,0
SUP-036,55.0,8,20.7,2895,5928,3.6,3.2,648.0,3944,2008,5,1
SUP-019,88.9,9,17.5,4484,11486,1.3,4.3,327.0,6028,2904,2,0
SUP-005,50.0,9,19.7,1730,1830,3.1,5.0,220.0,8629,1523,6,0
SUP-002,68.3,6,22.0,6241,21805,0.3,0.6,383.0,36943,5999,5,0
SUP-038,70.2,2,19.2,1560,1636,3.2,2.8,563.0,5325,993,4,0
SUP-040,80.5,1,18.2,3638,1012,2.2,2.2,928.0,18389,2493,6,0
SUP-010,68.9,12,16.5,2358,4097,4.6,3.5,477.0,9129,1392,5,1
SUP-037,51.9,0,15.5,6407,12474,0.5,3.7,380.0,26928,5967,1,0
SUP-030,81.2,10,11.0,4294,7321,5.2,7.6,1072.0,21307,4432,0,0
SUP-012,94.1,12,11.7,9915,6425,4.7,3.0,681.0,39290,11889,4,0
SUP-011,64.7,6,22.9,1937,5857,0.6,3.9,434.0,9121,2512,4,0
SUP-005,50.0,9,15.1,14679,32059,1.7,1.7,158.0,17831,10268,6,0
SUP-011,64.7,6,13.7,3631,4985,2.9,5.1,308.0,3746,3723,4,0
SUP-018,48.4,10,14.8,3789,7090,1.2,3.5,300.0,11949,3328,0,0
SUP-038,70.2,2,12.0,5461,7126,5.0,4.7,1237.0,11507,5835,4,0
SUP-040,80.5,1,8.1,9354,26435,5.9,1.6,566.0,28944,6454,6,0
SUP-011,64.7,6,22.6,1886,5872,3.6,4.7,574.0,3584,1054,4,0
SUP-033,62.3,8,6.2,884,570,3.2,1.3,416.0,1815,694,7,1
SUP-003,90.5,2,11.5,1071,1008,0.8,1.5,1637.0,3299,648,5,0
SUP-010,68.9,12,13.2,3081,4813,1.9,3.3,258.0,6971,3132,5,0
SUP-003,90.5,2,4.9,1193,1536,2.6,4.5,448.0,2645,1650,5,0
SUP-012,94.1,12,9.3,7577,12225,1.0,2.2,361.0,43144,9181,4,0
SUP-032,96.3,11,14.9,606,1834,3.3,3.1,423.0,1657,386,2,0
SUP-031,84.5,4,17.4,1924,518,4.8,6.1,1016.0,3934,2191,6,1
SUP-013,79.1,12,10.8,1571,4066,1.4,4.2,487.0,8428,1516,0,0
SUP-020,78.5,2,23.1,5894,15367,1.9,5.6,435.0,9193,5271,3,1
SUP-030,81.2,10,17.0,1152,1107,1.9,4.0,1041.0,1588,1559,0,0
SUP-008,86.7,4,13.3,3897,1840,0.9,4.2,286.0,9236,4073,6,0
SUP-033,62.3,8,15.5,4583,10488,0.2,6.2,504.0,21838,3993,7,1
SUP-011,64.7,6,20.6,5248,7229,2.1,1.8,308.0,6034,4526,4,0
SUP-034,64.6,6,9.6,514,528,2.5,3.0,146.0,2529,491,2,0
SUP-040,80.5,1,18.1,1436,4590,2.4,6.8,424.0,6463,783,6,0
SUP-030,81.2,10,11.4,14282,41426,1.8,0.4,215.0,21097,9080,0,0
SUP-014,88.6,5,11.3,11974,5445,1.8,1.8,258.0,58556,6951,4,0
SUP-015,68.5,13,18.8,8154,14109,2.5,1.0,740.0,8193,10090,6,1
SUP-031,84.5,4,14.1,1487,786,6.8,3.6,1086.0,8082,1231,6,1
SUP-002,68.3,6,18.3,4518,9804,1.6,4.4,660.0,10368,4896,5,0
SUP-040,80.5,1,18.7,812,1533,3.6,6.2,171.0,1471,863,6,0
SUP-008,86.7,4,11.5,3416,11757,2.8,4.9,988.0,19478,2572,6,0
SUP-038,70.2,2,17.1,3666,3548,4.4,7.6,1421.0,14726,2088,4,0
SUP-035,69.9,7,22.5,3227,3688,0.6,5.5,620.0,7444,4306,3,1
SUP-032,96.3,11,18.3,6743,19182,2.7,2.9,452.0,27480,3418,2,0
SUP-034,64.6,6,22.3,8240,2144,2.8,2.9,711.0,36944,6753,2,0
SUP-007,85.3,1,8.7,3372,8629,5.6,2.0,276.0,13232,3781,0,0
SUP-028,47.3,9,12.7,996,1769,2.4,4.9,425.0,5028,1166,1,0
SUP-038,70.2,2,17.3,5309,13156,2.2,4.8,252.0,20128,5051,4,0
SUP-026,55.3,11,7.8,5718,8458,5.9,4.6,397.0,15925,7374,6,1
SUP-010,68.9,12,25.6,3980,10735,4.2,1.8,839.0,13551,4725,5,1
SUP-006,96.7,10,12.8,1130,364,2.8,7.5,1037.0,3410,1196,4,1
SUP-038,70.2,2,11.3,2763,5275,3.4,1.8,816.0,7774,2175,4,0
SUP-028,47.3,9,18.5,855,686,4.0,1.3,720.0,2120,535,1,1
SUP-028,47.3,9,21.3,4537,1386,3.2,2.3,440.0,13710,3445,1,1
SUP-010,68.9,12,17.0,3300,10913,2.9,2.2,770.0,4209,2160,5,0
SUP-035,69.9,7,18.6,1732,1619,1.3,2.2,171.0,7564,2083,3,0
SUP-007,85.3,1,15.9,4839,5856,,4.5,1424.0,27072,3960,0,0
SUP-026,55.3,11,20.6,2112,3500,2.2,2.5,449.0,3370,1634,6,0
SUP-009,51.8,11,18.7,1320,1632,4.2,1.9,110.0,2025,977,4,0
SUP-014,88.6,5,20.9,1577,2642,1.4,3.2,149.0,5790,1369,4,0
SUP-039,57.0,3,13.9,6338,13280,5.2,2.3,685.0,9688,3925,4,0
SUP-014,88.6,5,10.4,2111,1997,3.2,3.5,465.0,4724,2707,4,0
SUP-040,80.5,1,14.6,14765,20397,3.8,2.4,880.0,64344,9870,6,0
SUP-018,48.4,10,20.7,2085,3814,3.4,4.9,152.0,7396,2834,0,0
SUP-029,53.2,7,15.3,1267,1369,1.5,4.6,707.0,4194,1068,6,0
SUP-017,74.4,3,4.2,1594,5189,1.6,5.8,543.0,1756,1404,4,0
SUP-008,86.7,4,10.9,4067,4650,0.7,1.7,2164.0,4767,2166,6,0
SUP-003,90.5,2,4.0,8049,13021,4.4,4.2,184.0,46902,11122,5,0
SUP-006,96.7,10,12.6,4407,9982,3.4,3.9,257.0,9440,2776,4,0
SUP-013,79.1,12,19.1,3531,5101,1.7,3.9,841.0,3348,4838,0,0
SUP-020,78.5,2,20.4,1864,6406,3.7,1.1,4478.0,2166,1163,3,0
SUP-025,86.3,11,13.8,1005,1109,4.9,1.1,578.0,5788,858,7,1
SUP-013,79.1,12,7.5,3157,9193,2.3,5.9,346.0,16593,2243,0,0
SUP-025,86.3,11,11.8,10517,2142,4.6,3.9,1031.0,59851,14480,7,1
SUP-002,68.3,6,9.8,17620,36542,1.1,5.5,325.0,98314,19114,5,0
SUP-003,90.5,2,19.0,4806,5621,0.7,3.9,144.0,24746,5897,5,0
SUP-019,88.9,9,15.7,2424,2379,2.0,2.4,212.0,3462,1288,2,1
SUP-023,96.4,12,12.3,7964,1609,0.3,1.7,603.0,33077,9129,2,0
SUP-021,85.2,12,14.0,2093,4500,3.2,3.7,163.0,9833,2017,7,1
SUP-012,94.1,12,9.8,2502,8171,2.6,2.9,720.0,12832,1909,4,0
SUP-037,51.9,0,18.0,13352,13694,0.3,4.6,2162.0,47391,12233,1,1
SUP-002,68.3,6,9.2,763,261,4.1,0.8,351.0,2818,1064,5,0
SUP-034,64.6,6,12.3,1326,536,0.8,3.3,371.0,3784,1652,2,0
SUP-031,84.5,4,15.3,1114,2885,5.8,5.5,852.0,1331,832,6,1
SUP-040,80.5,1,13.9,2452,4282,2.0,4.4,519.0,14200,3336,6,0
SUP-036,55.0,8,14.9,680,549,1.6,4.5,1472.0,3537,694,5,0
SUP-003,90.5,2,12.8,2709,3266,0.8,3.2,447.0,14889,2422,5,0
SUP-039,57.0,3,18.2,7657,23399,1.2,0.9,425.0,12405,7981,4,0
SUP-036,55.0,8,14.5,2911,2705,5.0,3.1,266.0,12792,2298,5,0
SUP-028,47.3,9,19.0,4660,7833,1.8,0.2,828.0,8634,5262,1,0
SUP-033,62.3,8,19.3,6045,15110,2.0,5.8,1737.0,25078,6867,7,0
SUP-006,96.7,10,11.2,12212,8270,2.5,1.8,181.0,31350,9888,4,0
SUP-016,57.0,4,21.9,9169,30683,2.2,4.4,300.0,10531,9350,2,0
SUP-006,96.7,10,11.0,4716,11175,3.8,6.0,578.0,7942,5056,4,0
SUP-003,90.5,2,11.1,1664,2707,3.1,3.6,605.0,8237,911,5,0
SUP-036,55.0,8,18.0,2295,1493,0.1,4.2,695.0,11089,1564,5,0
SUP-012,94.1,12,16.0,9297,2714,0.5,4.6,493.0,8967,7241,4,1
SUP-031,84.5,4,8.7,1932,4300,1.0,3.7,,10454,1067,6,0
SUP-030,81.2,10,10.9,6115,15318,1.3,1.2,159.0,24250,5479,0,0
SUP-002,68.3,6,17.8,6251,20720,4.0,4.8,183.0,26208,6283,5,0
SUP-014,88.6,5,13.1,1450,2776,0.3,3.7,569.0,5935,1262,4,0
SUP-038,70.2,2,16.1,996,1588,5.2,5.4,777.0,3086,962,4,1
SUP-040,80.5,1,18.3,5992,4319,0.6,3.1,942.0,11539,3805,6,0
SUP-031,84.5,4,20.3,1954,3837,3.0,3.2,219.0,1784,1862,6,1
SUP-017,74.4,3,10.8,2303,6096,5.6,4.7,872.0,5198,1776,4,1
SUP-037,51.9,0,17.5,1726,2866,2.8,3.9,313.0,3113,1946,1,1
SUP-037,51.9,0,15.1,9841,28306,3.2,2.2,295.0,55329,6331,1,0
SUP-014,88.6,5,16.7,4336,4223,4.2,7.6,365.0,5174,4483,4,1
SUP-036,55.0,8,26.9,2818,5577,1.0,4.0,686.0,9883,3447,5,0
SUP-026,55.3,11,16.2,4970,15660,1.6,4.3,771.0,25633,3081,6,0
SUP-004,82.0,12,22.9,1448,1686,4.3,7.0,509.0,8477,1646,3,1
SUP-039,57.0,3,20.3,2557,1531,2.6,4.0,625.0,3341,2509,4,0
SUP-033,62.3,8,15.1,4834,6699,1.5,3.7,409.0,24692,3565,7,0
SUP-016,57.0,4,16.6,2627,8059,1.5,2.3,468.0,14107,3272,2,0
SUP-009,51.8,11,14.6,2153,3613,3.8,1.6,453.0,5938,2050,4,0
SUP-005,50.0,9,16.8,1130,1050,3.2,3.7,492.0,3073,1001,6,1
SUP-031,84.5,4,25.2,8076,11275,0.7,7.1,467.0,23134,5350,6,0
SUP-018,48.4,10,18.3,593,254,5.7,4.9,1016.0,3134,326,0,1
SUP-011,64.7,6,20.9,1902,1112,3.1,2.4,370.0,3677,1093,4,0
SUP-037,51.9,0,14.6,6068,5149,5.4,5.3,96.0,11662,3289,1,0
SUP-018,48.4,10,18.6,5387,15644,3.3,4.8,263.0,18276,2857,0,0
SUP-018,48.4,10,23.3,6110,4726,4.8,2.0,2395.0,16599,5562,0,1
SUP-004,82.0,12,8.2,2154,5113,,3.2,578.0,8459,2657,3,0
SUP-001,86.0,14,13.9,9687,5028,,1.8,767.0,48051,10365,3,0
SUP-038,70.2,2,6.6,12772,9573,3.0,1.2,1040.0,43060,7304,4,0
SUP-029,53.2,7,15.0,8249,21647,0.4,1.0,233.0,10804,9770,6,0
SUP-029,53.2,7,19.8,730,2525,1.6,1.7,88.0,2712,583,6,0
SUP-006,96.7,10,8.8,10505,4866,0.8,3.0,455.0,54418,13804,4,0
SUP-018,48.4,10,24.2,3570,1036,1.7,3.8,337.0,12348,1901,0,0
SUP-010,68.9,12,20.5,1624,1825,2.2,4.2,397.0,2791,1547,5,1
SUP-013,79.1,12,16.1,2534,5706,2.8,5.9,563.0,5626,1382,0,0
SUP-009,51.8,11,20.5,4230,11245,1.0,2.8,266.0,20203,5018,4,0
SUP-002,68.3,6,16.1,3940,11532,3.1,3.9,899.0,13265,5291,5,1
SUP-002,68.3,6,12.8,5976,8486,1.2,0.9,393.0,34029,6422,5,0
SUP-022,63.8,2,11.2,884,2067,2.7,3.1,311.0,4279,1214,1,0
SUP-026,55.3,11,19.9,8782,5408,3.1,0.8,659.0,13588,9869,6,0
SUP-033,62.3,8,17.3,1229,4180,1.3,3.5,1605.0,2205,1330,7,1
SUP-033,62.3,8,21.1,3454,965,3.1,5.8,327.0,10507,2255,7,1
SUP-033,62.3,8,17.6,1267,2628,,5.1,282.0,2498,1118,7,1
SUP-039,57.0,3,21.8,2185,4657,0.5,0.8,416.0,5543,2406,4,0
SUP-024,92.3,0,11.4,9323,8768,,3.7,2115.0,9686,7616,3,0
SUP-018,48.4,10,16.0,4722,4328,2.4,8.3,446.0,11528,4297,0,1
SUP-014,88.6,5,11.6,1541,588,2.5,3.0,702.0,2073,1178,4,0
SUP-030,81.2,10,6.6,1305,4119,3.6,2.2,264.0,7431,1437,0,0
SUP-016,57.0,4,19.9,2418,6670,3.8,3.4,275.0,12351,1599,2,0
SUP-037,51.9,0,15.5,8605,22983,4.9,3.1,249.0,26906,9419,1,0
SUP-002,68.3,6,15.3,3981,13224,0.7,1.6,697.0,9422,4061,5,0
SUP-012,94.1,12,13.6,4920,7879,2.6,0.9,365.0,9928,3980,4,0
SUP-035,69.9,7,7.6,977,2549,3.0,1.3,618.0,3384,974,3,0
SUP-016,57.0,4,20.3,5575,18939,2.7,0.6,724.0,25043,7263,2,0
SUP-037,51.9,0,16.9,2391,1764,1.3,3.5,811.0,14154,3023,1,0
SUP-034,64.6,6,15.5,12216,33995,6.2,6.5,345.0,23057,7920,2,1
SUP-007,85.3,1,15.1,7857,19330,0.4,4.2,848.0,37796,10381,0,0
SUP-020,78.5,2,19.6,5370,16192,3.5,4.3,150.0,22953,7003,3,0
SUP-037,51.9,0,19.3,6348,2715,4.2,4.3,838.0,24804,8246,1,0
SUP-013,79.1,12,17.6,1336,3541,3.8,5.7,398.0,5275,1373,0,1
SUP-036,55.0,8,19.8,10615,25812,1.3,1.7,1485.0,42759,8350,5,0
SUP-019,88.9,9,9.4,3909,5340,3.6,1.2,278.0,10948,3676,2,0
SUP-007,85.3,1,21.5,2194,1541,1.0,5.1,2246.0,7143,2549,0,0
SUP-025,86.3,11,12.8,4638,7639,2.6,3.9,994.0,7033,5096,7,0
SUP-019,88.9,9,17.2,5490,12947,4.4,1.7,261.0,18519,6083,2,0
SUP-035,69.9,7,19.2,3561,7734,3.7,3.4,635.0,20083,4438,3,1
SUP-009,51.8,11,16.6,5045,4255,4.3,3.3,1380.0,7704,2927,4,1
SUP-020,78.5,2,16.3,2797,5977,1.9,5.9,2673.0,7325,3198,3,0
SUP-029,53.2,7,20.3,3104,1438,4.9,3.9,1013.0,18011,1916,6,0
SUP-002,68.3,6,16.1,8514,16334,2.5,3.5,221.0,33992,7660,5,0
SUP-013,79.1,12,17.3,3056,2685,2.7,3.4,482.0,10907,1822,0,0
SUP-035,69.9,7,18.6,3592,8010,0.6,4.3,1848.0,5862,1835,3,0
SUP-007,85.3,1,21.4,2569,5061,3.4,2.2,472.0,14128,2964,0,0
SUP-002,68.3,6,22.8,3249,7624,2.8,3.3,301.0,17623,4542,5,0
SUP-029,53.2,7,13.3,2805,6480,2.9,4.7,761.0,6261,2177,6,0
SUP-024,92.3,0,19.3,1359,1655,5.3,7.9,159.0,2160,864,3,0
SUP-006,96.7,10,13.1,1645,664,2.8,1.7,834.0,8348,1143,4,0
SUP-037,51.9,0,21.2,2026,1711,4.2,5.1,328.0,9896,2719,1,1
SUP-015,68.5,13,23.1,7575,22406,3.4,2.9,312.0,27051,5755,6,1
SUP-024,92.3,0,13.2,3443,11960,4.5,5.2,989.0,20647,3321,3,0
SUP-034,64.6,6,9.2,2259,7087,0.2,3.1,1115.0,3436,2241,2,0
SUP-031,84.5,4,6.4,657,1124,4.8,1.7,510.0,1683,526,6,0
SUP-015,68.5,13,12.3,538,1302,4.5,6.2,303.0,2250,270,6,1
SUP-030,81.2,10,13.2,8356,8770,5.5,2.7,481.0,39374,7969,0,0
SUP-004,82.0,12,13.4,2016,4167,4.6,4.9,1219.0,3158,2306,3,0
SUP-022,63.8,2,18.3,4149,9740,4.6,5.3,427.0,15941,2652,1,0
SUP-026,55.3,11,15.9,2944,8498,1.6,1.7,129.0,8059,3096,6,0
SUP-017,74.4,3,14.1,2324,4249,3.8,4.3,267.0,3929,2936,4,1
SUP-016,57.0,4,13.3,2649,2595,4.5,3.9,274.0,14985,2147,2,0
SUP-023,96.4,12,12.0,6391,12008,1.0,4.7,568.0,33011,7852,2,1
SUP-032,96.3,11,7.9,2284,5556,1.6,4.6,90.0,8781,1811,2,0
SUP-029,53.2,7,17.3,7171,8493,3.7,1.4,903.0,30252,5909,6,0
SUP-019,88.9,9,11.9,4162,5155,1.2,4.2,717.0,15537,4615,2,0
SUP-014,88.6,5,12.4,3173,5070,0.5,4.8,1361.0,6610,2579,4,0
SUP-008,86.7,4,10.6,4874,3049,3.8,2.9,377.0,5128,5596,6,0
SUP-030,81.2,10,17.2,2887,7432,4.3,4.6,220.0,8534,3408,0,0
SUP-010,68.9,12,15.0,3361,3970,1.2,4.1,106.0,8452,4499,5,1
SUP-033,62.3,8,12.1,7499,9360,1.3,2.7,1450.0,23364,9229,7,0
SUP-007,85.3,1,16.6,7801,11614,2.5,4.8,537.0,29842,9917,0,0
SUP-038,70.2,2,13.8,1126,1099,0.8,4.2,426.0,4744,1250,4,0
SUP-019,88.9,9,2.9,6615,16053,1.9,4.3,385.0,14355,5422,2,0
SUP-039,57.0,3,22.2,9384,28372,2.0,3.1,1034.0,21490,7349,4,1
SUP-001,86.0,14,20.8,725,2049,2.9,5.5,403.0,3602,978,3,1
SUP-027,69.7,11,21.1,4077,1872,5.2,1.8,290.0,4345,3803,0,0
SUP-034,64.6,6,9.7,4587,5050,3.0,3.1,1509.0,9275,3528,2,0
SUP-009,51.8,11,10.9,3415,8944,2.2,0.6,623.0,9804,2423,4,0
SUP-024,92.3,0,12.4,2161,5299,0.9,3.1,688.0,3407,2950,3,0
SUP-010,68.9,12,18.2,2523,3423,3.6,3.8,1937.0,2907,3065,5,1
SUP-004,82.0,12,12.5,2575,5121,2.6,2.7,839.0,2243,3510,3,0
SUP-010,68.9,12,12.3,2174,7054,4.7,1.9,301.0,8758,2133,5,1
SUP-038,70.2,2,21.6,5261,6180,0.6,2.0,465.0,24018,3321,4,0
SUP-008,86.7,4,6.3,1493,2244,1.8,3.0,1454.0,3670,907,6,0
SUP-037,51.9,0,13.6,4384,10881,1.6,2.7,393.0,25214,3430,1,0
SUP-023,96.4,12,6.8,8770,28792,2.9,4.4,223.0,42682,7029,2,0
SUP-016,57.0,4,21.7,4043,3799,1.5,5.3,144.0,23472,2613,2,0
SUP-004,82.0,12,21.0,2190,2224,6.8,2.7,1306.0,8843,2544,3,1
SUP-033,62.3,8,13.2,1251,2844,4.1,4.1,317.0,3167,1490,7,1
SUP-014,88.6,5,12.5,11051,27050,0.7,0.7,1004.0,26108,9342,4,0
SUP-035,69.9,7,14.9,1297,4532,3.9,2.3,535.0,6691,907,3,1
SUP-005,50.0,9,22.2,6654,5257,4.4,5.6,632.0,31582,5443,6,1
SUP-007,85.3,1,15.9,2309,2399,4.1,1.2,419.0,4755,3020,0,0
SUP-020,78.5,2,10.2,390,1255,2.9,5.0,1566.0,926,249,3,0
SUP-015,68.5,13,17.0,3139,8371,4.6,3.2,162.0,15788,2439,6,1
SUP-035,69.9,7,17.4,3151,9854,0.9,3.0,277.0,17400,4297,3,0
SUP-030,81.2,10,16.9,6763,21283,3.5,3.3,1571.0,5797,4468,0,0
SUP-039,57.0,3,26.3,5517,11087,1.4,5.7,1225.0,24665,6632,4,1
SUP-034,64.6,6,15.3,10081,30636,1.0,4.0,356.0,48986,14061,2,0
SUP-036,55.0,8,12.9,5852,2451,3.2,4.8,139.0,8226,6171,5,1
SUP-013,79.1,12,13.7,1219,1467,3.7,3.4,386.0,1444,1058,0,0
SUP-040,80.5,1,8.7,4213,6357,8.2,1.8,290.0,24114,5461,6,0
SUP-031,84.5,4,12.1,1490,5028,2.1,9.1,421.0,6247,891,6,1
SUP-024,92.3,0,14.6,3234,5280,2.9,3.2,505.0,4092,2658,3,0
SUP-039,57.0,3,20.3,2006,2612,3.1,0.8,323.0,2145,2231,4,0
SUP-032,96.3,11,9.2,1150,2366,4.6,6.3,371.0,2827,1536,2,0
SUP-034,64.6,6,18.1,2859,3807,2.6,4.3,1120.0,6953,2159,2,0
SUP-027,69.7,11,14.5,3142,5346,2.2,6.5,657.0,12611,2872,0,1
SUP-029,53.2,7,12.9,1173,2400,1.6,5.2,75.0,2407,1109,6,0
SUP-012,94.1,12,8.2,1236,1609,1.8,4.4,740.0,1589,929,4,0
SUP-025,86.3,11,16.2,4778,4247,2.5,3.9,460.0,12113,4173,7,0
SUP-006,96.7,10,10.4,2584,4613,1.5,6.6,353.0,11696,2990,4,0
SUP-040,80.5,1,13.5,3762,6489,1.3,3.7,704.0,9693,5084,6,0
SUP-036,55.0,8,11.8,3883,5135,3.7,6.1,240.0,19699,2492,5,1
SUP-033,62.3,8,22.6,7163,17153,2.6,6.7,1430.0,20909,8394,7,0
SUP-015,68.5,13,21.6,2439,1788,2.6,4.6,219.0,4588,2527,6,1
SUP-026,55.3,11,11.3,5073,12217,5.1,2.5,1112.0,21607,5104,6,1
SUP-010,68.9,12,18.9,542,1067,4.3,6.0,405.0,3154,741,5,1
SUP-026,55.3,11,17.2,4545,911,1.5,4.0,602.0,6789,2458,6,1
SUP-032,96.3,11,11.2,5608,14469,1.5,2.3,1060.0,10951,3780,2,0
SUP-021,85.2,12,16.0,3490,11924,2.7,2.8,193.0,15969,2583,7,1
SUP-028,47.3,9,22.8,3921,2321,4.6,3.5,299.0,13576,2545,1,0
SUP-017,74.4,3,20.0,5792,16088,3.3,7.3,729.0,16913,5400,4,0
SUP-033,62.3,8,11.4,1622,3414,0.8,4.0,604.0,7678,1916,7,0
SUP-035,69.9,7,12.0,5266,15618,6.6,5.4,976.0,19709,5666,3,0
SUP-002,68.3,6,16.3,6602,16999,0.4,3.2,530.0,37805,5838,5,0
SUP-008,86.7,4,10.3,6232,16985,4.4,3.9,465.0,15578,8410,6,0
SUP-026,55.3,11,17.2,1546,4033,3.1,4.4,1050.0,5448,1144,6,1
SUP-012,94.1,12,3.6,1204,1905,4.9,5.0,1382.0,7197,1088,4,1
SUP-009,51.8,11,16.1,2599,2504,2.8,6.3,454.0,5026,3021,4,0
SUP-018,48.4,10,16.0,4722,4328,2.4,8.3,446.0,11528,4297,0,1
SUP-030,81.2,10,10.8,5680,13995,5.6,0.6,498.0,31155,5581,0,0
SUP-040,80.5,1,10.6,1158,927,3.4,2.2,972.0,6913,953,6,0
SUP-036,55.0,8,10.5,5734,6441,0.9,1.8,823.0,20066,3473,5,0
SUP-039,57.0,3,24.4,17549,37873,4.4,2.2,619.0,18221,11279,4,1
SUP-011,64.7,6,18.0,3272,9659,3.4,3.7,522.0,13185,2301,4,1
SUP-026,55.3,11,16.6,2954,669,0.2,5.0,147.0,2457,3978,6,1
SUP-040,80.5,1,10.3,3157,8958,3.4,2.0,684.0,10604,3282,6,0
SUP-015,68.5,13,15.2,4362,9343,1.8,2.8,209.0,16411,3284,6,1
SUP-018,48.4,10,18.9,1926,1155,1.4,1.1,299.0,8571,2010,0,0
SUP-016,57.0,4,15.8,3107,10816,1.1,6.9,769.0,15642,2913,2,0
SUP-005,50.0,9,17.7,27471,7907,1.8,2.9,700.0,30653,36469,6,0
SUP-033,62.3,8,21.3,6815,11507,2.0,3.9,891.0,12192,5806,7,1
SUP-006,96.7,10,15.1,915,500,3.1,3.3,477.0,2412,976,4,0
SUP-023,96.4,12,13.3,3390,6564,4.0,3.0,1364.0,17322,3357,2,0
SUP-030,81.2,10,6.8,1241,3254,5.4,4.3,463.0,3701,1276,0,0
SUP-020,78.5,2,17.5,1012,3030,2.9,3.3,289.0,2948,1279,3,0
SUP-005,50.0,9,24.4,2243,5499,3.1,4.3,373.0,3193,1270,6,1
SUP-017,74.4,3,12.7,25459,18551,1.7,1.3,498.0,85096,31993,4,0
SUP-020,78.5,2,15.0,4778,16567,1.2,3.7,738.0,9850,3568,3,0
SUP-015,68.5,13,12.9,2095,877,0.5,5.3,237.0,10989,2701,6,0
SUP-023,96.4,12,17.4,11994,36564,5.1,2.5,599.0,15539,7640,2,0
SUP-011,64.7,6,10.4,4559,12296,2.5,1.5,1147.0,25528,6261,4,1
SUP-004,82.0,12,15.6,1480,2035,3.2,3.3,273.0,4560,1035,3,0
SUP-001,86.0,14,17.1,20416,52037,,3.8,725.0,80815,25443,3,0
SUP-005,50.0,9,12.4,2184,1267,1.2,4.5,205.0,12852,1641,6,1
SUP-023,96.4,12,22.6,4253,1010,5.0,5.7,229.0,24834,3639,2,0
SUP-029,53.2,7,18.1,699,626,3.0,3.4,221.0,3600,777,6,0
SUP-014,88.6,5,14.0,2511,8759,5.6,2.1,1353.0,14769,2452,4,1
SUP-014,88.6,5,15.4,1336,2224,3.3,1.7,506.0,7020,1273,4,0
SUP-034,64.6,6,10.3,5350,17556,3.2,2.8,681.0,8395,7390,2,0
SUP-014,88.6,5,18.9,4043,2826,2.2,5.5,537.0,21227,3975,4,0
SUP-026,55.3,11,8.7,2082,6210,2.0,1.0,71.0,8441,1821,6,0
SUP-007,85.3,1,11.5,1352,3285,3.6,2.0,470.0,4347,1845,0,0
SUP-025,86.3,11,11.4,2838,2075,,5.2,1775.0,12219,1572,7,1
SUP-014,88.6,5,14.6,644,353,1.9,5.6,675.0,1271,809,4,0
SUP-003,90.5,2,9.0,1001,1076,7.2,3.0,637.0,5803,741,5,0
SUP-036,55.0,8,16.0,3274,3167,0.9,3.6,878.0,19217,3908,5,0
SUP-036,55.0,8,23.2,5933,2388,3.3,5.1,510.0,22339,3047,5,1
SUP-040,80.5,1,9.9,3204,3930,3.1,2.2,532.0,14492,1829,6,0
SUP-021,85.2,12,17.6,9003,12931,1.6,3.1,549.0,11591,9298,7,0
SUP-022,63.8,2,14.0,2902,8737,0.9,1.8,1814.0,5968,3066,1,0
SUP-039,57.0,3,14.3,5777,12825,5.8,1.2,376.0,27253,7755,4,0
SUP-021,85.2,12,12.6,3056,6182,2.7,1.9,793.0,11185,2409,7,0
SUP-031,84.5,4,10.7,2219,748,1.7,5.6,745.0,1967,2292,6,0
SUP-031,84.5,4,13.6,1356,4262,1.3,5.1,183.0,7875,1664,6,0
SUP-030,81.2,10,9.0,8248,13805,2.4,1.5,480.0,28565,5722,0,0
SUP-004,82.0,12,15.3,3581,8752,1.3,5.7,588.0,4124,2380,3,0
SUP-005,50.0,9,16.8,1130,1050,3.2,3.7,492.0,3073,1001,6,1
SUP-025,86.3,11,9.6,2098,2330,2.6,5.3,752.0,4236,2888,7,1
SUP-020,78.5,2,11.5,4326,8834,1.7,3.1,248.0,3788,2775,3,0
SUP-021,85.2,12,9.8,1866,3653,1.7,4.9,896.0,5256,2297,7,0
SUP-026,55.3,11,16.2,2348,1464,1.9,5.5,554.0,13797,1600,6,0
SUP-037,51.9,0,19.5,6440,15136,2.9,4.2,573.0,8914,5815,1,0
SUP-007,85.3,1,9.3,5008,11842,3.3,1.3,106.0,16459,6014,0,0
SUP-032,96.3,11,12.8,3849,11643,3.3,2.2,836.0,9302,3115,2,0
SUP-012,94.1,12,15.6,1655,1022,1.5,4.6,1782.0,5163,1710,4,0
SUP-019,88.9,9,8.1,5004,2966,5.2,0.8,287.0,10372,3982,2,0
SUP-008,86.7,4,14.5,1054,2360,2.1,0.8,269.0,4246,1345,6,0
SUP-035,69.9,7,10.2,7773,7822,2.5,2.2,104.0,37062,8354,3,0
SUP-036,55.0,8,13.7,4123,4702,0.5,3.9,508.0,24327,3827,5,0
SUP-025,86.3,11,14.7,3639,11273,2.2,7.7,207.0,12428,4966,7,1
SUP-033,62.3,8,16.1,9521,14092,0.4,5.3,230.0,50918,7054,7,0
SUP-009,51.8,11,19.1,4480,5168,2.9,1.1,480.0,7140,3489,4,0
SUP-013,79.1,12,9.7,9139,22581,3.9,3.8,1936.0,39704,8216,0,0
SUP-008,86.7,4,12.0,1609,1237,1.9,4.2,3572.0,8561,2210,6,1
SUP-013,79.1,12,20.3,2195,7237,3.4,2.7,1310.0,10581,2300,0,0
SUP-032,96.3,11,10.9,3900,4744,7.5,1.0,2183.0,12103,4662,2,0
SUP-012,94.1,12,14.9,4106,5434,3.1,7.3,1886.0,17779,3850,4,1
SUP-017,74.4,3,15.5,706,1936,2.9,7.9,214.0,1971,504,4,1
SUP-019,88.9,9,12.2,1562,2257,1.6,5.5,1396.0,8119,1941,2,0
SUP-034,64.6,6,12.1,1878,3347,8.5,4.2,280.0,9218,1506,2,1
SUP-035,69.9,7,16.8,1227,2447,2.9,2.3,1717.0,7179,1338,3,0
SUP-038,70.2,2,16.4,6717,3453,0.8,3.3,683.0,5393,5969,4,0
SUP-022,63.8,2,20.1,5911,1400,1.1,1.1,628.0,30132,3155,1,0
SUP-015,68.5,13,19.8,2652,8128,1.6,2.3,685.0,9527,2890,6,0
SUP-034,64.6,6,8.5,1848,1672,5.0,2.7,538.0,6186,2041,2,0
SUP-040,80.5,1,11.7,13133,28852,4.3,3.6,1329.0,27307,7153,6,0
SUP-037,51.9,0,17.3,1186,289,1.7,4.9,1946.0,5299,681,1,1
SUP-026,55.3,11,22.5,8394,4193,2.0,2.0,246.0,37407,9430,6,1
SUP-037,51.9,0,20.5,868,449,4.1,6.0,1465.0,3021,834,1,1
SUP-037,51.9,0,21.7,1736,5614,,6.4,107.0,2112,2210,1,0
SUP-031,84.5,4,13.8,3764,3698,4.0,3.1,427.0,9341,4796,6,0
SUP-005,50.0,9,14.2,4124,9777,2.6,5.3,983.0,6025,2879,6,1
SUP-015,68.5,13,21.4,4872,7423,4.4,5.4,1184.0,27077,3967,6,1
SUP-026,55.3,11,23.9,7223,16844,1.4,1.0,310.0,39088,7599,6,0
SUP-031,84.5,4,19.2,2891,4288,3.8,0.4,1017.0,14141,1453,6,1
SUP-009,51.8,11,17.5,2269,6875,2.2,2.8,687.0,10542,2464,4,1
SUP-018,48.4,10,16.3,1894,3213,0.5,7.0,1142.0,6900,2513,0,0
SUP-019,88.9,9,8.6,4282,3794,4.5,2.5,121.0,14202,2363,2,0
SUP-038,70.2,2,15.7,552,1809,0.4,2.0,448.0,1026,538,4,0
SUP-032,96.3,11,16.7,2764,4410,,1.3,253.0,13932,3354,2,0
SUP-032,96.3,11,15.9,3300,7430,1.9,3.7,382.0,5330,3384,2,0
SUP-009,51.8,11,14.2,1530,2611,1.9,1.2,521.0,1806,929,4,1
SUP-023,96.4,12,15.3,7590,4257,2.4,2.6,267.0,10638,7181,2,0
SUP-040,80.5,1,13.7,4026,4126,2.5,4.3,836.0,14480,3600,6,0
SUP-018,48.4,10,22.9,1714,1689,0.3,1.4,2240.0,1398,1911,0,0
SUP-035,69.9,7,18.3,1270,3313,2.9,2.4,224.0,3931,1542,3,0
SUP-001,86.0,14,16.6,2096,5463,1.0,6.9,383.0,5542,1356,3,0
SUP-039,57.0,3,17.3,2414,7012,1.1,5.3,207.0,11965,3296,4,0
SUP-014,88.6,5,10.0,1766,1445,3.6,2.9,671.0,1467,2425,4,0
SUP-002,68.3,6,18.6,3743,10167,2.5,2.1,675.0,15673,2797,5,0
SUP-034,64.6,6,17.7,4180,11389,4.8,3.4,242.0,20099,5432,2,0
SUP-032,96.3,11,16.1,1776,5906,5.3,2.3,387.0,9002,1540,2,0
SUP-019,88.9,9,8.4,1765,5438,3.8,4.1,222.0,9670,1247,2,0
SUP-033,62.3,8,18.7,4642,4889,6.0,5.2,682.0,23500,2333,7,1
SUP-023,96.4,12,13.9,639,357,6.5,7.3,378.0,1937,466,2,0
SUP-032,96.3,11,17.5,1814,5606,3.4,2.0,238.0,3599,1562,2,0
SUP-008,86.7,4,13.5,3516,5937,2.6,5.7,798.0,2906,4717,6,0
SUP-007,85.3,1,14.7,933,2974,4.6,6.3,1161.0,5019,845,0,0
SUP-036,55.0,8,13.3,6532,4664,0.5,1.0,582.0,30341,6566,5,1
SUP-016,57.0,4,20.4,2205,1049,3.3,3.2,261.0,3015,2306,2,0
SUP-037,51.9,0,15.3,561,688,2.3,1.7,542.0,1715,286,1,0
SUP-024,92.3,0,14.2,2209,690,4.0,2.0,1500.0,8977,1538,3,0
SUP-030,81.2,10,17.3,2276,2584,2.1,1.8,443.0,9806,3002,0,0
SUP-036,55.0,8,21.5,876,2130,2.7,4.6,762.0,3396,1083,5,0
SUP-030,81.2,10,18.5,4724,13677,2.9,4.9,146.0,23631,6044,0,0
SUP-026,55.3,11,18.7,17205,57640,4.7,1.7,330.0,24865,12671,6,1
SUP-010,68.9,12,17.9,2643,5911,4.8,2.9,,8101,1732,5,0
SUP-016,57.0,4,16.1,11349,10083,4.0,1.0,414.0,38490,11683,2,0
SUP-031,84.5,4,15.3,2138,5177,2.9,4.5,849.0,9410,1379,6,0
SUP-012,94.1,12,18.8,2143,1887,0.7,3.7,700.0,7322,1299,4,0
SUP-020,78.5,2,19.6,3088,10735,1.4,3.0,2015.0,9991,2704,3,0
SUP-022,63.8,2,7.5,9865,23527,2.5,0.9,839.0,27245,7919,1,0
SUP-001,86.0,14,11.8,5217,10789,4.2,3.3,1022.0,17073,5835,3,0
SUP-006,96.7,10,17.1,9726,13540,5.4,3.2,1569.0,16052,9691,4,0
SUP-003,90.5,2,16.1,5131,12544,2.9,0.9,57.0,21878,5284,5,0
SUP-032,96.3,11,12.0,1123,903,3.8,3.1,457.0,3383,1555,2,0
SUP-017,74.4,3,13.9,5097,11981,2.2,1.4,260.0,20699,3589,4,0
SUP-018,48.4,10,14.7,7529,10876,1.0,2.0,218.0,43778,4565,0,0
SUP-026,55.3,11,19.4,1599,472,1.8,5.1,615.0,4645,1730,6,1
SUP-026,55.3,11,20.4,8188,13223,3.7,2.5,695.0,29828,5774,6,0
SUP-016,57.0,4,15.7,2582,6036,1.7,6.0,762.0,2609,2442,2,1
SUP-004,82.0,12,13.5,3003,6751,1.6,4.7,219.0,8736,2667,3,1
SUP-023,96.4,12,10.8,347,1030,4.9,2.2,539.0,500,207,2,0
SUP-020,78.5,2,19.9,6102,8656,2.7,3.2,821.0,12369,7242,3,0
SUP-008,86.7,4,11.0,359,82,2.4,4.4,365.0,1665,401,6,0
SUP-018,48.4,10,12.8,7610,26464,4.6,6.9,748.0,18163,4039,0,0
SUP-027,69.7,11,15.7,3271,7417,2.2,4.4,1625.0,5284,4039,0,0
SUP-038,70.2,2,15.9,1671,1368,3.2,1.4,322.0,6713,2082,4,0
SUP-001,86.0,14,16.6,14827,29321,1.6,4.6,349.0,63170,12238,3,0
SUP-020,78.5,2,15.4,2473,1655,1.7,4.5,667.0,10589,1639,3,0
SUP-038,70.2,2,28.8,9095,8823,4.4,3.6,721.0,42036,7415,4,0
SUP-016,57.0,4,30.1,1674,3357,3.8,2.1,163.0,7908,1321,2,0
SUP-030,81.2,10,12.1,3712,1512,7.7,3.9,620.0,21330,2079,0,0
SUP-030,81.2,10,18.9,7067,11548,4.4,2.2,593.0,39583,5364,0,0
SUP-025,86.3,11,13.4,1151,249,1.3,2.6,425.0,4363,967,7,0
SUP-034,64.6,6,10.5,1150,3573,1.2,1.9,473.0,4761,1320,2,0
SUP-034,64.6,6,26.3,7996,27750,1.1,1.8,820.0,46501,6260,2,0
SUP-029,53.2,7,15.9,1843,3545,1.0,1.9,481.0,10156,2302,6,0
SUP-011,64.7,6,11.6,1771,2127,2.0,4.6,952.0,2634,2070,4,0
SUP-028,47.3,9,19.2,9659,24396,4.5,3.4,,42596,7036,1,1
SUP-015,68.5,13,13.9,1937,3447,1.8,1.7,1284.0,11364,2204,6,0
SUP-025,86.3,11,16.6,5258,15107,4.3,2.5,501.0,27727,3264,7,0
SUP-039,57.0,3,25.0,2332,6661,1.6,2.5,681.0,5188,2824,4,1
SUP-019,88.9,9,10.5,2046,2457,6.4,4.3,585.0,9168,2012,2,0
SUP-016,57.0,4,16.1,1175,2589,3.7,3.7,499.0,2819,656,2,0
SUP-039,57.0,3,18.7,2219,7189,3.6,0.9,630.0,10808,1324,4,0
SUP-004,82.0,12,13.4,2580,8258,3.6,2.4,527.0,10063,2919,3,1
SUP-025,86.3,11,14.6,2511,4614,7.5,3.1,859.0,14011,1329,7,0
SUP-026,55.3,11,25.6,1115,2119,1.7,2.3,715.0,5047,951,6,0
SUP-015,68.5,13,15.1,7723,18599,5.3,5.6,160.0,15655,4658,6,1
SUP-031,84.5,4,15.5,2631,8211,4.8,1.8,828.0,10139,2274,6,0
SUP-027,69.7,11,9.4,5212,2326,1.6,2.9,287.0,9668,6872,0,0
SUP-016,57.0,4,15.2,1481,1405,2.9,4.3,563.0,5061,1289,2,1
SUP-005,50.0,9,20.1,2373,6520,1.7,4.4,955.0,10512,2976,6,1
SUP-022,63.8,2,12.4,2463,6713,0.9,6.2,239.0,3211,3227,1,0
SUP-010,68.9,12,12.8,1952,6256,2.9,0.6,336.0,3834,1521,5,0
SUP-009,51.8,11,15.4,2422,2677,5.2,2.0,3042.0,7627,2160,4,1
SUP-029,53.2,7,18.1,4743,15537,5.6,6.9,588.0,21593,4508,6,0
SUP-019,88.9,9,8.8,2048,460,2.7,4.0,890.0,2567,2863,2,0
SUP-030,81.2,10,15.4,1966,468,2.3,1.4,829.0,4492,1014,0,0
SUP-025,86.3,11,11.3,2027,3040,3.1,7.1,1005.0,9332,2230,7,1
SUP-007,85.3,1,19.2,2257,4419,1.8,1.3,926.0,3129,2554,0,0
SUP-010,68.9,12,16.0,1612,3649,1.3,4.5,485.0,6765,1613,5,0
SUP-002,68.3,6,21.2,2638,8941,1.0,2.3,503.0,15662,2743,5,0
SUP-006,96.7,10,15.0,2746,7229,1.7,3.4,761.0,16431,2232,4,0
SUP-005,50.0,9,17.3,10957,15999,0.0,4.6,205.0,51866,11171,6,0
SUP-008,86.7,4,9.3,3333,10880,3.9,3.7,413.0,9146,2906,6,0
SUP-029,53.2,7,17.4,648,772,2.5,2.5,475.0,3603,664,6,0
SUP-001,86.0,14,12.9,1428,990,4.6,3.8,326.0,7495,1143,3,1
SUP-012,94.1,12,8.7,983,3266,5.7,3.7,270.0,1194,495,4,1
SUP-039,57.0,3,18.9,3613,9067,,3.5,108.0,8936,4593,4,0
SUP-019,88.9,9,18.9,4167,1641,2.8,2.7,325.0,19399,5233,2,0
SUP-037,51.9,0,18.3,1993,4052,1.1,1.9,636.0,1673,1335,1,0
SUP-013,79.1,12,14.3,5361,8643,1.9,6.9,199.0,24344,4889,0,0
SUP-040,80.5,1,11.8,1278,2425,4.9,4.6,1088.0,6914,1579,6,0
SUP-006,96.7,10,11.7,4480,3189,3.3,4.7,,9747,5098,4,1
SUP-013,79.1,12,20.7,1245,3093,3.3,3.5,825.0,4289,1661,0,0
SUP-037,51.9,0,16.5,4331,8669,0.8,2.5,508.0,7558,4031,1,0
SUP-005,50.0,9,16.7,2297,1735,2.8,3.8,314.0,13504,2348,6,0
SUP-004,82.0,12,19.0,4124,11476,4.3,3.4,217.0,9359,2457,3,1
SUP-005,50.0,9,20.3,643,1227,3.6,4.2,2286.0,1696,364,6,1
SUP-024,92.3,0,16.8,2776,9493,0.5,6.1,1237.0,15216,2122,3,0
SUP-004,82.0,12,17.7,1785,1272,1.5,5.0,298.0,8934,2336,3,1
SUP-019,88.9,9,8.1,7686,21163,5.1,5.5,892.0,18414,7192,2,1
SUP-031,84.5,4,8.3,5510,12038,3.3,1.4,329.0,6084,5004,6,0
SUP-014,88.6,5,13.6,11713,16336,0.3,3.1,300.0,46299,14688,4,0
SUP-023,96.4,12,16.5,2537,7950,1.4,1.7,1156.0,14288,2369,2,0
SUP-003,90.5,2,15.0,15907,33167,3.8,3.1,4494.0,47157,8658,5,0
SUP-004,82.0,12,19.2,817,584,2.5,3.5,489.0,3174,1112,3,1
SUP-018,48.4,10,12.7,781,1728,5.0,4.0,2219.0,3196,468,0,0
SUP-011,64.7,6,10.9,6303,9040,4.5,5.3,142.0,17124,3331,4,0
SUP-006,96.7,10,10.2,2028,2168,0.5,7.0,483.0,5093,1464,4,0
SUP-001,86.0,14,12.9,4101,7380,3.4,1.0,179.0,20814,2857,3,0
SUP-012,94.1,12,18.7,5462,12121,0.6,6.0,715.0,29965,5517,4,0
SUP-037,51.9,0,16.6,3334,1061,1.0,3.5,321.0,4425,3739,1,0
SUP-039,57.0,3,17.6,3165,3403,3.7,6.6,185.0,13744,2016,4,1
SUP-036,55.0,8,25.1,3366,1817,1.7,5.0,636.0,10047,3629,5,1
SUP-023,96.4,12,13.1,1299,2353,2.7,1.2,361.0,6120,1110,2,0
SUP-013,79.1,12,10.1,2966,4570,1.4,4.6,465.0,6652,2468,0,0
SUP-006,96.7,10,10.2,4310,4780,2.2,1.8,731.0,23314,4795,4,0
SUP-025,86.3,11,11.9,1821,864,2.2,1.8,1184.0,5789,976,7,0
SUP-005,50.0,9,20.4,42701,14108,1.4,2.2,655.0,253404,38865,6,1
SUP-020,78.5,2,19.0,931,1265,3.6,3.2,965.0,2366,894,3,0
SUP-016,57.0,4,11.5,2295,2677,1.0,1.1,735.0,12236,2498,2,0
SUP-024,92.3,0,16.2,2691,5629,3.6,2.6,287.0,5079,3716,3,0
SUP-010,68.9,12,7.8,1701,1402,4.5,6.0,630.0,4813,1901,5,0
SUP-036,55.0,8,15.4,3862,3350,0.9,3.6,1564.0,4189,2415,5,0
SUP-007,85.3,1,15.1,5554,2856,2.4,6.6,411.0,24015,4487,0,0
SUP-033,62.3,8,15.3,1924,3136,2.0,2.7,1268.0,3941,1436,7,0
SUP-001,86.0,14,17.6,3473,1056,5.5,1.5,661.0,3536,3898,3,1
SUP-017,74.4,3,15.4,5632,3838,3.0,5.8,201.0,19434,3390,4,0
SUP-034,64.6,6,13.9,5530,15079,1.4,2.7,334.0,24697,7163,2,0
SUP-020,78.5,2,18.0,1479,1543,1.2,3.9,695.0,6732,1027,3,0
SUP-029,53.2,7,18.2,4820,16720,1.4,7.1,757.0,6924,5372,6,1
SUP-029,53.2,7,23.2,578,1081,1.6,2.0,883.0,2549,591,6,1
SUP-002,68.3,6,20.9,3572,6894,2.4,0.5,315.0,5345,4620,5,0
SUP-022,63.8,2,9.3,10052,4173,1.2,2.6,346.0,56763,9564,1,0
SUP-036,55.0,8,18.2,1550,1285,2.3,4.9,3361.0,7860,885,5,1
SUP-009,51.8,11,17.3,1949,1725,2.7,3.4,250.0,1583,1894,4,0
SUP-034,64.6,6,14.4,1268,3411,0.9,3.6,1778.0,1659,1168,2,0
SUP-008,86.7,4,17.7,2408,6613,2.8,3.5,594.0,3339,2050,6,0
SUP-021,85.2,12,10.3,4735,8845,2.3,3.0,743.0,19464,4107,7,0
SUP-020,78.5,2,10.6,4130,12146,1.2,2.4,671.0,5575,4221,3,0
SUP-009,51.8,11,12.3,4906,13423,2.1,2.3,103.0,25043,5570,4,1
SUP-002,68.3,6,23.4,5848,13680,1.4,2.9,192.0,12758,6869,5,0
SUP-039,57.0,3,12.8,2786,7679,1.7,5.1,,4390,2678,4,1
SUP-029,53.2,7,8.8,1069,3346,1.7,3.6,869.0,6181,747,6,0
SUP-001,86.0,14,11.6,2285,3465,3.0,2.0,5855.0,8260,2784,3,0
SUP-004,82.0,12,17.8,1604,732,1.3,2.4,901.0,7664,1246,3,0
SUP-028,47.3,9,16.1,12108,22719,4.6,1.3,668.0,21739,14745,1,0
SUP-020,78.5,2,12.3,16762,9840,2.1,2.1,489.0,89404,13316,3,0
SUP-012,94.1,12,13.8,1557,1080,0.5,1.0,910.0,2012,820,4,0
SUP-037,51.9,0,16.1,3880,4508,1.2,4.7,1561.0,22017,3056,1,0
SUP-029,53.2,7,18.5,2633,4879,4.7,4.9,780.0,12849,2748,6,1
SUP-033,62.3,8,15.1,2471,926,1.2,2.9,235.0,8766,2760,7,1
SUP-030,81.2,10,4.1,4904,6141,2.3,2.9,230.0,22414,4699,0,0
SUP-015,68.5,13,9.4,539,1675,2.9,5.6,331.0,3230,698,6,1
SUP-037,51.9,0,15.6,2088,1551,0.8,3.8,166.0,4494,2060,1,0
SUP-026,55.3,11,15.0,17401,6004,1.4,4.9,543.0,99863,18156,6,1
SUP-038,70.2,2,16.7,3706,6412,5.3,3.2,1204.0,19237,4530,4,0
SUP-030,81.2,10,13.4,2842,8287,2.4,3.2,359.0,16936,2920,0,0
SUP-034,64.6,6,13.9,2332,5041,0.7,5.7,697.0,10974,2826,2,0
SUP-001,86.0,14,13.9,6148,5948,2.0,4.5,1358.0,33517,5270,3,0
SUP-019,88.9,9,14.0,2049,3912,4.5,2.7,515.0,7616,1657,2,1
SUP-023,96.4,12,7.9,5121,8621,3.0,5.3,342.0,12585,2579,2,0
SUP-010,68.9,12,24.3,3637,5132,1.7,4.0,560.0,18428,4114,5,0
SUP-022,63.8,2,15.8,293,411,0.5,6.6,716.0,1672,190,1,0
SUP-034,64.6,6,9.9,5045,15516,4.7,4.2,774.0,20674,4470,2,0
SUP-005,50.0,9,16.8,1286,1760,0.5,2.4,162.0,2285,798,6,0
SUP-010,68.9,12,7.6,3188,10124,0.9,2.1,711.0,8740,3691,5,0
SUP-025,86.3,11,13.7,1757,3924,4.0,5.1,1409.0,1922,1444,7,1
SUP-025,86.3,11,13.3,3479,4622,2.1,2.7,282.0,11086,1760,7,1
SUP-033,62.3,8,15.4,2598,4150,1.0,6.5,253.0,8887,2966,7,0
SUP-027,69.7,11,13.4,2262,1175,1.3,0.7,304.0,5879,2659,0,0
SUP-024,92.3,0,7.7,2111,1563,3.2,3.3,739.0,5449,1541,3,0
SUP-019,88.9,9,6.4,20160,65926,3.7,0.8,476.0,80941,17348,2,0
SUP-001,86.0,14,11.8,2675,4341,1.7,2.7,1590.0,6292,3174,3,1
SUP-011,64.7,6,12.3,4025,5061,2.4,1.9,627.0,6585,5004,4,0
SUP-038,70.2,2,9.9,3275,10884,0.9,4.6,329.0,15013,2011,4,0
SUP-009,51.8,11,13.5,1858,3195,2.9,5.9,824.0,3101,2381,4,1
SUP-011,64.7,6,20.8,2357,6280,2.0,4.7,865.0,13996,1600,4,0
SUP-003,90.5,2,16.5,3077,965,3.4,1.7,324.0,6049,2260,5,0
SUP-023,96.4,12,13.2,1897,3202,5.6,1.4,533.0,7170,2653,2,0
SUP-009,51.8,11,22.8,2765,2434,3.0,2.6,711.0,15867,3036,4,1
SUP-031,84.5,4,19.4,1692,3157,0.6,4.8,1124.0,2383,1940,6,0
SUP-013,79.1,12,20.5,1781,5047,4.1,6.1,264.0,9639,1508,0,0
SUP-030,81.2,10,13.7,1668,4290,3.4,3.3,925.0,6342,2310,0,0
SUP-032,96.3,11,18.8,1007,2930,2.3,3.8,921.0,2987,794,2,0
SUP-016,57.0,4,17.5,999,2990,3.7,1.5,,5577,519,2,0
SUP-040,80.5,1,18.8,2535,6689,1.7,3.4,944.0,7363,1283,6,0
SUP-001,86.0,14,15.5,2025,2426,3.1,5.9,434.0,11597,1680,3,0
SUP-009,51.8,11,16.4,22715,44197,1.7,3.0,1252.0,50367,16757,4,1
SUP-002,68.3,6,13.3,3815,3861,1.7,1.5,456.0,6939,4673,5,1
SUP-037,51.9,0,16.2,6708,14391,1.3,0.6,523.0,21245,5175,1,0
SUP-013,79.1,12,13.1,5736,13669,4.7,1.9,575.0,7655,3532,0,1
SUP-037,51.9,0,10.7,3248,4055,2.0,1.9,404.0,3692,4538,1,0
SUP-001,86.0,14,12.1,2490,7961,3.8,1.9,667.0,8503,3298,3,0
SUP-034,64.6,6,14.9,7419,4845,6.1,1.6,875.0,9706,7042,2,0
SUP-023,96.4,12,7.7,2695,1932,2.5,2.4,1617.0,9959,1590,2,0
SUP-030,81.2,10,13.3,3940,9314,1.9,4.8,538.0,19731,4441,0,0
SUP-031,84.5,4,16.6,443,452,6.6,3.5,460.0,500,605,6,1
SUP-038,70.2,2,8.8,2578,6043,2.7,0.1,775.0,15090,1402,4,0
SUP-015,68.5,13,15.8,10734,34266,4.1,2.3,642.0,58594,5928,6,1
SUP-009,51.8,11,18.9,5164,13436,6.2,2.9,660.0,28710,4992,4,1
SUP-001,86.0,14,12.4,9089,15226,2.0,4.1,588.0,37374,8888,3,0
SUP-035,69.9,7,20.0,3500,3851,3.5,3.4,376.0,5751,2796,3,0
SUP-035,69.9,7,12.2,2208,614,1.8,4.6,1016.0,11060,2950,3,1
SUP-039,57.0,3,19.7,7215,4742,8.2,8.3,550.0,21844,8086,4,1
SUP-014,88.6,5,13.8,5622,8053,1.2,5.5,694.0,21126,6071,4,0
SUP-010,68.9,12,15.5,5333,10697,0.4,1.7,292.0,29744,6843,5,0
SUP-017,74.4,3,20.3,4975,15965,0.9,2.7,906.0,24662,3084,4,0
SUP-016,57.0,4,16.3,3470,10265,3.6,1.6,297.0,4336,3634,2,0
SUP-004,82.0,12,8.0,1486,569,1.6,2.0,1607.0,3809,923,3,0
SUP-003,90.5,2,9.6,6565,16384,6.1,0.9,667.0,10396,4519,5,0
SUP-032,96.3,11,10.3,17001,20368,1.0,2.8,745.0,88825,19462,2,0
SUP-018,48.4,10,15.7,473,741,4.5,6.3,914.0,2183,471,0,1
SUP-006,96.7,10,15.9,8201,21960,5.3,1.2,1867.0,19053,10664,4,0
SUP-006,96.7,10,7.8,2296,5275,2.7,2.1,317.0,8719,2642,4,0
SUP-009,51.8,11,24.7,2458,5775,4.5,2.8,510.0,11800,2160,4,0
SUP-029,53.2,7,17.6,2977,5170,2.8,2.5,950.0,7186,3461,6,0
SUP-020,78.5,2,21.3,495,878,0.8,2.7,924.0,1941,307,3,0
SUP-033,62.3,8,14.1,4979,6770,1.8,1.5,78.0,28374,3630,7,0
SUP-026,55.3,11,16.7,3466,1299,3.3,2.3,456.0,8907,3884,6,0
SUP-003,90.5,2,13.7,2253,6946,2.4,1.7,196.0,4685,2117,5,0
SUP-036,55.0,8,12.4,9287,32337,3.0,3.3,236.0,45641,11321,5,1
SUP-012,94.1,12,14.1,11093,16580,1.0,1.4,741.0,65953,5999,4,0
SUP-005,50.0,9,14.5,4266,7639,3.0,3.4,547.0,24557,2761,6,1
SUP-024,92.3,0,21.1,2252,6340,1.1,3.6,499.0,7536,1429,3,0
SUP-007,85.3,1,14.8,6716,10438,4.1,2.2,606.0,18880,5343,0,0
SUP-014,88.6,5,14.1,5522,16747,2.0,5.3,168.0,9695,2765,4,0
SUP-029,53.2,7,14.1,1550,5220,4.4,1.0,265.0,6074,1791,6,0
SUP-002,68.3,6,20.7,7570,25091,0.3,8.9,317.0,12313,5156,5,1
SUP-014,88.6,5,14.3,2296,6343,3.3,2.7,621.0,1899,1593,4,0
SUP-016,57.0,4,21.6,6634,9794,1.5,6.2,3354.0,38677,7083,2,1
SUP-001,86.0,14,11.0,3465,4599,1.2,0.7,387.0,7837,2923,3,0
SUP-037,51.9,0,15.8,1546,439,3.9,5.6,506.0,1249,1253,1,1
SUP-024,92.3,0,2.0,1410,3164,2.9,4.5,522.0,2704,1248,3,0
SUP-030,81.2,10,4.9,12805,7029,0.3,1.9,538.0,32770,15803,0,1
SUP-040,80.5,1,17.9,4674,2550,5.0,1.5,272.0,26483,4093,6,0
SUP-011,64.7,6,12.8,1836,1138,1.9,4.5,1184.0,6241,2151,4,1
SUP-035,69.9,7,13.6,260,824,2.0,4.3,112.0,500,333,3,0
SUP-018,48.4,10,12.8,677,590,2.3,2.1,721.0,934,411,0,0
SUP-001,86.0,14,8.2,3175,10129,1.9,1.0,300.0,18664,3445,3,0
SUP-031,84.5,4,10.6,14826,11439,3.7,3.4,132.0,75769,7575,6,1
SUP-022,63.8,2,19.3,1322,2829,3.2,6.2,415.0,3582,1732,1,0
SUP-017,74.4,3,19.9,1810,397,1.4,4.2,1312.0,10426,2321,4,1
SUP-003,90.5,2,8.9,2764,5526,2.3,2.4,1378.0,7660,2202,5,0
SUP-029,53.2,7,17.5,3246,3866,3.2,3.8,834.0,7201,2676,6,1
SUP-021,85.2,12,14.8,3400,6743,2.5,2.0,854.0,7784,2745,7,0
SUP-030,81.2,10,12.7,1726,1853,4.6,1.4,1963.0,2441,1504,0,1
SUP-013,79.1,12,16.0,8631,22169,4.3,2.1,549.0,49595,5235,0,0
SUP-018,48.4,10,20.2,561,1089,5.5,4.6,949.0,948,413,0,0
SUP-004,82.0,12,8.6,2317,6738,2.8,0.9,257.0,9103,2721,3,0
SUP-007,85.3,1,9.2,2585,2487,5.3,3.2,346.0,11443,1630,0,0
SUP-031,84.5,4,14.6,6775,5788,6.0,4.6,289.0,34528,9465,6,0
SUP-020,78.5,2,17.7,2543,7202,5.3,1.4,417.0,10959,3087,3,0
SUP-023,96.4,12,19.2,7591,18133,5.6,1.4,678.0,36040,8680,2,0
SUP-029,53.2,7,19.8,1632,776,6.1,3.8,472.0,8409,1066,6,0
SUP-027,69.7,11,15.5,8733,23113,1.9,2.6,696.0,38515,11375,0,0
SUP-032,96.3,11,10.4,2476,6638,2.5,2.9,153.0,4001,3310,2,0
SUP-027,69.7,11,18.2,3987,1146,2.3,4.0,1835.0,18603,5051,0,1
SUP-015,68.5,13,10.3,2777,6372,3.8,3.0,636.0,10598,2746,6,0
SUP-004,82.0,12,23.2,6265,21224,2.1,5.1,950.0,10721,4842,3,0
SUP-029,53.2,7,16.8,1174,2310,1.8,1.6,206.0,4427,958,6,0
SUP-031,84.5,4,11.2,1887,4292,4.1,6.6,955.0,3319,1861,6,0
SUP-005,50.0,9,21.0,4452,11473,2.6,4.6,227.0,22271,4532,6,1
SUP-017,74.4,3,10.1,12676,28876,3.6,2.5,956.0,35389,13573,4,0
SUP-012,94.1,12,9.4,9973,6288,2.4,3.9,575.0,19945,9788,4,0
SUP-015,68.5,13,16.4,5308,3745,2.7,4.4,1381.0,12120,5659,6,1
SUP-027,69.7,11,22.4,998,714,1.5,4.2,416.0,3137,830,0,0
SUP-037,51.9,0,19.2,2851,1525,2.0,1.5,637.0,10285,2277,1,0
SUP-015,68.5,13,15.0,613,1191,5.3,4.5,474.0,2740,528,6,1
SUP-027,69.7,11,9.8,1256,1771,0.4,2.7,140.0,3836,1083,0,0
SUP-010,68.9,12,19.6,1374,3577,3.1,0.8,367.0,6093,800,5,0
SUP-003,90.5,2,10.5,5648,12311,5.4,7.6,732.0,17014,5065,5,1
SUP-027,69.7,11,16.3,3134,1797,3.1,2.1,370.0,12255,3598,0,0
SUP-021,85.2,12,15.4,2981,1588,4.9,2.8,1129.0,6830,1858,7,1
SUP-008,86.7,4,9.1,2797,4354,1.1,3.8,1272.0,8660,1673,6,0
SUP-004,82.0,12,11.9,6279,14341,5.2,5.9,196.0,36632,8765,3,0
SUP-005,50.0,9,18.0,4481,15221,2.1,2.2,661.0,16061,3247,6,0
SUP-019,88.9,9,16.8,1542,1315,,0.3,861.0,4380,1298,2,0
SUP-004,82.0,12,16.4,2444,7793,0.9,1.7,2133.0,3038,1936,3,0
SUP-013,79.1,12,20.4,18495,19861,1.5,4.1,282.0,73508,12666,0,1
SUP-029,53.2,7,17.5,8818,4732,6.6,3.4,492.0,26476,12174,6,1
SUP-001,86.0,14,19.8,694,773,5.6,7.7,442.0,1721,721,3,0
SUP-038,70.2,2,9.3,2434,6614,2.6,3.1,476.0,2682,2020,4,0
SUP-009,51.8,11,13.5,3298,9323,2.1,4.0,779.0,12650,3079,4,1
SUP-019,88.9,9,16.6,703,1497,2.4,4.6,170.0,2529,657,2,1
SUP-023,96.4,12,16.6,1894,1333,5.6,2.7,123.0,2903,1677,2,0
SUP-032,96.3,11,21.0,5698,16331,2.1,0.6,551.0,29396,5461,2,0
SUP-039,57.0,3,17.8,4479,2332,3.6,5.2,305.0,5057,5297,4,0
SUP-025,86.3,11,7.1,1431,4434,1.2,1.2,816.0,8022,1773,7,0
SUP-028,47.3,9,14.1,1402,1432,2.4,5.6,903.0,2331,1628,1,1
SUP-002,68.3,6,18.4,2834,6629,1.0,5.0,428.0,9063,3378,5,0
SUP-039,57.0,3,17.5,4035,9287,2.1,3.7,769.0,9967,3825,4,0
SUP-012,94.1,12,11.7,3317,7494,8.5,3.8,195.0,14343,3196,4,0
SUP-021,85.2,12,18.8,1070,2198,7.1,3.0,250.0,4714,535,7,1
SUP-014,88.6,5,9.4,1031,606,1.3,2.2,50.0,1949,841,4,0
SUP-022,63.8,2,14.5,6273,2016,2.9,2.0,1119.0,36954,7280,1,0
SUP-033,62.3,8,20.1,3581,11157,1.5,4.3,752.0,7249,3391,7,1
SUP-024,92.3,0,16.7,5568,7814,,2.0,368.0,4580,5325,3,0
SUP-037,51.9,0,19.7,1983,4536,0.4,3.5,187.0,3493,2762,1,0
SUP-034,64.6,6,18.1,6262,4007,3.0,6.6,730.0,14268,8010,2,1
SUP-007,85.3,1,4.6,1829,2012,5.8,1.2,298.0,9459,1338,0,0
SUP-004,82.0,12,17.7,1785,1272,1.5,5.0,298.0,8934,2336,3,1
SUP-036,55.0,8,15.3,3637,2188,6.4,2.2,829.0,12812,2180,5,1
SUP-010,68.9,12,21.3,2630,4016,4.1,3.2,445.0,10032,3317,5,0
SUP-006,96.7,10,16.4,1473,1484,3.1,1.7,885.0,4191,1938,4,0
SUP-025,86.3,11,17.5,5779,3954,3.3,2.5,514.0,14112,3012,7,0
SUP-036,55.0,8,23.1,6936,23186,1.4,3.7,1196.0,22018,9049,5,0
SUP-035,69.9,7,19.3,9386,11213,3.5,5.4,248.0,16950,11459,3,0
SUP-004,82.0,12,18.1,7164,2794,3.6,3.0,480.0,40110,7243,3,1
SUP-028,47.3,9,26.8,3388,4315,2.6,0.5,278.0,16119,3423,1,0
SUP-016,57.0,4,19.0,3442,3625,2.7,5.0,150.0,19633,2220,2,0
SUP-023,96.4,12,6.3,2431,1788,1.3,4.8,963.0,13695,3138,2,0
SUP-015,68.5,13,12.5,5328,1538,4.2,0.8,836.0,13108,3584,6,1
SUP-027,69.7,11,18.0,1604,5299,3.1,7.2,1380.0,4407,1458,0,0
SUP-030,81.2,10,9.7,3701,8770,1.8,1.4,589.0,15327,2266,0,0
SUP-008,86.7,4,11.5,1340,1005,3.7,5.2,399.0,1649,701,6,0
SUP-019,88.9,9,12.7,3172,10042,5.8,3.2,1038.0,14508,1949,2,0
SUP-036,55.0,8,12.3,5388,17804,4.6,8.1,775.0,26566,3592,5,0
SUP-021,85.2,12,2.8,6430,11799,3.4,3.3,233.0,17057,6459,7,0
SUP-030,81.2,10,10.8,5680,13995,5.6,0.6,498.0,31155,5581,0,0
SUP-036,55.0,8,19.5,4288,2352,1.0,1.1,345.0,17199,3555,5,0
SUP-039,57.0,3,13.1,6773,8978,0.7,4.4,261.0,25512,8821,4,0
SUP-014,88.6,5,8.7,2859,9136,3.3,0.9,802.0,8132,2293,4,0
SUP-028,47.3,9,17.3,1578,920,4.0,4.1,767.0,4799,1397,1,0
SUP-037,51.9,0,15.2,1737,3863,2.8,5.6,704.0,4637,2407,1,0
SUP-015,68.5,13,14.6,608,1627,0.9,3.5,131.0,2088,810,6,0
SUP-010,68.9,12,14.2,3315,10486,4.4,2.5,332.0,10630,4029,5,1
SUP-008,86.7,4,14.1,1356,3505,0.7,1.3,759.0,2214,1275,6,0
SUP-016,57.0,4,15.8,3107,10816,1.1,6.9,769.0,15642,2913,2,0
SUP-034,64.6,6,21.3,3144,9551,1.2,5.0,524.0,14212,4158,2,0
SUP-007,85.3,1,16.1,2193,4319,4.1,3.5,181.0,1924,2082,0,0
SUP-024,92.3,0,12.4,7567,5006,0.9,1.8,264.0,33017,7272,3,0
SUP-008,86.7,4,18.6,7685,19229,3.1,3.1,475.0,32924,6485,6,1
SUP-021,85.2,12,14.7,456,1177,3.2,2.8,1413.0,1684,324,7,0
SUP-031,84.5,4,17.8,3788,11695,3.8,5.5,836.0,14459,2280,6,0
SUP-009,51.8,11,22.1,2313,7177,5.9,6.9,231.0,3486,2843,4,1
SUP-038,70.2,2,18.7,3721,6159,2.4,1.7,463.0,20249,1982,4,0
SUP-012,94.1,12,10.1,25054,71379,4.5,0.6,404.0,50969,20205,4,0
SUP-027,69.7,11,15.3,1481,3619,4.1,3.9,184.0,2329,1695,0,0
SUP-028,47.3,9,21.0,854,1695,1.7,6.2,339.0,894,1128,1,0
SUP-013,79.1,12,17.0,27207,92650,0.5,4.3,548.0,86242,34847,0,0
SUP-008,86.7,4,14.2,9649,4709,5.7,4.0,284.0,39807,10904,6,0
SUP-005,50.0,9,20.7,5507,1984,2.2,0.9,673.0,17600,6280,6,1
SUP-025,86.3,11,12.0,4196,13055,1.6,3.7,741.0,15708,5636,7,0
SUP-031,84.5,4,12.2,882,456,2.9,1.3,704.0,2544,445,6,1
SUP-010,68.9,12,12.0,2840,5613,1.0,1.6,1568.0,15770,3468,5,0
SUP-038,70.2,2,15.5,1412,421,3.1,7.0,,3391,1852,4,0
SUP-015,68.5,13,17.5,13181,25422,5.3,3.0,580.0,23854,13111,6,1
SUP-035,69.9,7,19.2,8645,4971,5.3,4.2,495.0,16668,7901,3,0
SUP-036,55.0,8,18.2,6685,23055,2.2,1.3,376.0,24990,3818,5,0
SUP-026,55.3,11,20.2,1789,6157,2.4,1.5,74.0,10560,2454,6,0
SUP-004,82.0,12,9.3,2599,8984,1.2,3.1,180.0,13558,3472,3,1
SUP-013,79.1,12,18.9,2523,5202,2.8,1.8,218.0,13282,3236,0,0
SUP-022,63.8,2,13.2,1764,2081,2.9,9.1,282.0,7552,1350,1,0
SUP-040,80.5,1,10.1,2117,6645,3.2,1.1,1510.0,2717,1606,6,0
SUP-033,62.3,8,22.6,2232,6761,4.5,1.5,251.0,13000,1778,7,0
SUP-031,84.5,4,18.2,3478,7879,3.4,1.6,552.0,13365,4222,6,0
SUP-037,51.9,0,22.1,4912,2975,5.3,4.1,1823.0,18924,4691,1,1
SUP-016,57.0,4,23.1,13064,32901,6.1,6.2,576.0,57463,10272,2,1
SUP-030,81.2,10,10.2,4190,12262,0.9,4.0,1027.0,10157,5825,0,0
SUP-012,94.1,12,12.2,195,580,2.3,3.0,693.0,692,108,4,0
SUP-012,94.1,12,13.3,1807,6165,4.2,2.9,497.0,8058,1365,4,0
SUP-033,62.3,8,12.2,4805,7277,2.3,4.6,462.0,26236,6411,7,0
SUP-010,68.9,12,9.7,3927,2907,6.7,1.2,985.0,6529,4919,5,1
SUP-010,68.9,12,14.8,3223,8985,2.4,3.1,101.0,12717,2403,5,0
SUP-039,57.0,3,25.9,1562,3343,6.8,4.1,646.0,4419,1275,4,0
SUP-002,68.3,6,15.5,1314,1854,2.0,2.4,3011.0,7817,1736,5,1
SUP-021,85.2,12,10.1,2470,7496,2.2,3.9,386.0,3188,2718,7,0
SUP-024,92.3,0,13.4,11592,39724,1.5,3.4,922.0,61203,11037,3,0
SUP-037,51.9,0,18.0,6189,5593,3.1,5.3,482.0,7981,6817,1,0
SUP-034,64.6,6,19.5,1282,3418,4.5,3.8,686.0,4566,928,2,0
SUP-032,96.3,11,14.4,6297,14058,2.4,4.5,1075.0,16085,6172,2,0
SUP-011,64.7,6,22.5,2029,5517,2.4,2.3,293.0,5383,2811,4,0
SUP-018,48.4,10,13.5,3267,9316,5.5,2.9,832.0,15572,3905,0,0
SUP-022,63.8,2,14.0,5013,6483,1.7,7.3,1089.0,28756,6298,1,0
SUP-011,64.7,6,15.6,4387,5291,2.3,2.6,1917.0,4893,3447,4,0
SUP-022,63.8,2,22.7,923,2928,3.2,2.5,294.0,3449,1015,1,0
SUP-040,80.5,1,9.8,6738,2389,2.3,0.5,543.0,11500,3663,6,0
SUP-030,81.2,10,18.4,8084,12103,3.6,3.0,2066.0,15680,7417,0,0
SUP-015,68.5,13,19.9,891,2709,4.0,6.4,1207.0,1220,643,6,1
SUP-028,47.3,9,17.2,8016,18275,2.6,1.7,415.0,10601,8356,1,0
SUP-026,55.3,11,19.3,4848,2950,0.4,2.1,577.0,13537,6261,6,0
SUP-005,50.0,9,22.1,3113,5247,5.1,2.3,675.0,9907,4357,6,0
SUP-026,55.3,11,18.0,6899,23775,6.4,3.7,385.0,38391,9383,6,1
SUP-001,86.0,14,19.9,1846,2071,1.6,3.9,1254.0,6941,1322,3,0
SUP-038,70.2,2,12.1,1704,3762,2.2,2.0,276.0,4305,1539,4,0
SUP-029,53.2,7,10.6,667,2281,4.0,1.2,770.0,1292,643,6,0
SUP-029,53.2,7,18.0,6102,3893,0.2,0.2,635.0,10994,7986,6,1
SUP-001,86.0,14,20.4,1747,4353,2.9,2.1,875.0,6068,1432,3,0
SUP-023,96.4,12,14.9,3036,2887,1.3,2.7,1471.0,10968,3710,2,0
SUP-005,50.0,9,18.2,2094,4633,4.1,3.4,665.0,4815,1989,6,1
SUP-025,86.3,11,17.9,8843,24163,5.8,3.1,510.0,37951,11363,7,0
SUP-003,90.5,2,22.4,2199,7082,1.9,4.9,1062.0,6401,1901,5,0
SUP-020,78.5,2,13.5,702,2335,3.2,4.9,389.0,2432,845,3,0
SUP-013,79.1,12,29.2,3588,9121,0.4,4.5,362.0,6659,2917,0,0
SUP-024,92.3,0,15.2,9791,22693,2.1,3.5,379.0,43614,11821,3,0
SUP-010,68.9,12,16.1,2734,1756,1.1,3.5,710.0,11618,3284,5,0
SUP-028,47.3,9,18.6,995,499,4.9,2.2,1786.0,2115,1323,1,1
SUP-025,86.3,11,12.4,5435,10899,3.3,3.7,227.0,25925,5038,7,0
SUP-028,47.3,9,23.4,3493,8189,2.4,4.0,1559.0,6692,4637,1,0
SUP-010,68.9,12,15.1,3181,5937,3.2,1.8,843.0,10038,3649,5,0
SUP-023,96.4,12,14.0,1037,2924,3.4,2.4,420.0,2859,1142,2,0
SUP-017,74.4,3,23.1,2735,2010,3.0,3.8,824.0,4873,2931,4,0
SUP-012,94.1,12,15.8,5276,1907,2.8,3.3,208.0,10655,5591,4,0
SUP-001,86.0,14,15.2,4784,10590,2.2,5.9,1634.0,20174,3478,3,0
SUP-024,92.3,0,15.8,1027,1083,1.5,1.7,291.0,2553,702,3,0
SUP-035,69.9,7,10.5,4479,1954,3.7,3.7,296.0,11728,2391,3,1
SUP-035,69.9,7,14.5,2660,5578,1.9,0.6,423.0,15926,3007,3,0
SUP-035,69.9,7,18.9,2004,2561,1.5,2.0,277.0,8562,1852,3,0
SUP-027,69.7,11,21.8,2987,9245,1.3,2.2,714.0,7168,1983,0,0
SUP-017,74.4,3,17.5,698,1748,1.4,4.2,296.0,3270,393,4,0
SUP-006,96.7,10,12.1,2845,7248,6.0,1.6,399.0,8257,3373,4,0
SUP-029,53.2,7,17.2,9837,14606,1.3,7.4,417.0,37621,11859,6,1
SUP-008,86.7,4,12.0,4213,8163,3.6,3.1,397.0,8790,3425,6,0
SUP-005,50.0,9,13.6,2744,4127,3.1,1.9,565.0,11982,1496,6,0
SUP-007,85.3,1,15.5,7796,8256,2.8,3.3,1983.0,22143,7666,0,0
SUP-019,88.9,9,20.7,2725,2651,0.7,4.6,1458.0,12588,2358,2,1
SUP-026,55.3,11,12.6,2516,3879,0.3,4.7,510.0,5248,2852,6,0
SUP-033,62.3,8,17.4,6075,3772,4.5,3.4,163.0,13150,8469,7,1
SUP-028,47.3,9,8.6,1823,3899,3.4,5.0,910.0,7756,1628,1,0
SUP-016,57.0,4,18.9,3596,8420,1.1,2.4,612.0,10903,3176,2,0
SUP-033,62.3,8,12.8,941,2452,5.8,3.7,158.0,4354,1280,7,0
SUP-023,96.4,12,5.5,10867,35301,4.7,3.1,740.0,33443,11683,2,0
SUP-021,85.2,12,11.1,5007,3619,1.5,2.3,550.0,24687,5013,7,0
SUP-013,79.1,12,7.6,6098,4662,1.7,2.9,59.0,29341,3263,0,0
SUP-015,68.5,13,16.0,3277,6193,,4.8,590.0,7349,4080,6,1
SUP-015,68.5,13,15.5,2946,1567,2.1,4.4,164.0,15009,1786,6,1
SUP-014,88.6,5,9.4,6756,13099,2.2,0.7,106.0,19830,7937,4,0
SUP-022,63.8,2,25.0,1041,2351,3.4,2.9,461.0,5569,719,1,0
SUP-008,86.7,4,10.0,3993,8819,1.1,4.2,601.0,15257,3466,6,0
SUP-010,68.9,12,18.7,4509,15251,2.1,7.0,268.0,4168,4767,5,1
SUP-031,84.5,4,12.4,4316,4013,,2.8,391.0,18783,5729,6,0
SUP-034,64.6,6,20.1,3400,5259,4.1,5.5,560.0,4793,3722,2,0
SUP-025,86.3,11,17.8,1229,2822,1.1,3.5,377.0,5640,1175,7,0
SUP-039,57.0,3,18.7,7930,15477,,5.1,844.0,27189,4088,4,0
SUP-007,85.3,1,15.0,12539,28093,2.2,3.8,222.0,49199,11210,0,0
SUP-027,69.7,11,15.8,2060,7205,2.4,6.0,193.0,8351,1951,0,0
SUP-029,53.2,7,17.3,939,3090,3.4,0.5,2721.0,3420,654,6,0
SUP-034,64.6,6,11.6,1328,3841,5.1,2.4,395.0,6290,1140,2,0
SUP-030,81.2,10,17.4,1507,4516,0.7,4.8,284.0,1365,1285,0,0
SUP-001,86.0,14,10.2,4942,15481,5.1,6.6,200.0,19229,3641,3,1
SUP-040,80.5,1,8.3,3464,8514,5.1,3.3,933.0,3864,4686,6,0
SUP-034,64.6,6,16.5,1506,3392,3.9,2.8,827.0,3264,1942,2,1
SUP-007,85.3,1,15.3,3558,9409,,1.7,438.0,21270,1910,0,0
SUP-031,84.5,4,9.3,3614,9530,7.1,2.1,1155.0,6884,2532,6,1
SUP-001,86.0,14,5.2,851,2098,7.0,4.8,529.0,2990,694,3,1
SUP-029,53.2,7,20.3,2667,1902,2.7,4.6,200.0,12330,1894,6,0
SUP-036,55.0,8,12.9,1707,4042,1.1,2.5,767.0,6922,1280,5,0
SUP-039,57.0,3,14.0,11078,8053,2.9,3.0,851.0,43811,14783,4,1
SUP-013,79.1,12,15.1,3504,1242,1.9,7.3,637.0,12559,4891,0,0
SUP-019,88.9,9,15.2,1631,2210,4.0,5.3,637.0,7401,1008,2,0
SUP-015,68.5,13,16.1,13115,21169,4.0,5.1,498.0,50004,12457,6,1
SUP-032,96.3,11,5.9,4554,12869,3.0,6.0,1347.0,18934,3348,2,1
SUP-037,51.9,0,13.9,3260,8321,3.3,5.1,213.0,6421,3797,1,0
SUP-033,62.3,8,13.7,2418,6851,1.4,0.7,764.0,11321,1251,7,1
SUP-017,74.4,3,10.1,532,195,1.7,2.2,672.0,985,514,4,0
SUP-009,51.8,11,20.2,1697,349,1.3,3.5,328.0,8356,1584,4,0
SUP-034,64.6,6,13.8,2129,2047,2.6,1.8,165.0,2357,2028,2,0
SUP-018,48.4,10,21.6,10736,25170,0.5,1.7,554.0,13303,9385,0,0
SUP-005,50.0,9,16.1,10431,17800,5.2,5.8,625.0,12520,12470,6,1
SUP-005,50.0,9,21.5,1806,804,3.1,3.7,1474.0,3703,1256,6,1
SUP-012,94.1,12,10.1,2085,5160,4.1,5.9,70.0,8644,2596,4,0
SUP-012,94.1,12,16.4,455,1434,2.6,3.2,973.0,811,284,4,0
SUP-025,86.3,11,7.1,2436,3470,3.6,2.5,1123.0,13926,2608,7,1
SUP-020,78.5,2,17.2,20701,40919,1.6,1.9,1502.0,36382,19578,3,0
SUP-010,68.9,12,12.7,4190,11677,2.9,4.2,619.0,11534,4443,5,0
SUP-012,94.1,12,14.5,2448,7242,4.1,2.4,1163.0,4331,1707,4,0
SUP-015,68.5,13,12.3,803,740,2.0,4.5,992.0,3950,715,6,1
SUP-012,94.1,12,9.0,1788,4564,3.9,7.1,775.0,3772,1304,4,1
SUP-001,86.0,14,11.4,9647,19201,0.4,1.4,158.0,45438,8501,3,0
SUP-002,68.3,6,14.7,1043,2703,0.7,3.5,1375.0,5598,553,5,0
SUP-003,90.5,2,10.9,5472,19111,3.2,2.4,2360.0,13401,4995,5,0
SUP-009,51.8,11,12.5,4017,12220,3.2,4.9,209.0,21525,3728,4,1
SUP-026,55.3,11,17.8,878,2232,2.4,3.7,344.0,2953,500,6,1
SUP-001,86.0,14,5.9,2034,6128,2.1,6.4,847.0,6044,2366,3,0
SUP-020,78.5,2,16.7,4027,4055,3.6,4.0,356.0,22902,2753,3,0
SUP-024,92.3,0,11.7,2422,8348,6.3,0.7,50.0,14480,2435,3,0
SUP-027,69.7,11,11.4,8318,27273,2.6,5.5,202.0,16437,8087,0,0
SUP-027,69.7,11,13.1,2841,2394,2.9,7.8,975.0,9452,1533,0,0
SUP-013,79.1,12,15.7,5800,8961,5.7,5.5,130.0,31056,5164,0,1
SUP-015,68.5,13,13.3,4068,5589,1.6,8.8,1189.0,19292,4915,6,0
SUP-019,88.9,9,2.6,3974,6152,5.5,2.1,1840.0,19936,3204,2,0
SUP-006,96.7,10,13.7,2583,5911,0.9,3.1,1273.0,7888,2284,4,0
SUP-009,51.8,11,21.8,6969,11155,1.7,3.6,364.0,23886,4642,4,1
SUP-015,68.5,13,14.8,11871,16771,6.5,4.1,696.0,32113,9434,6,1
SUP-023,96.4,12,17.0,2713,858,3.4,4.7,684.0,12178,3760,2,1
SUP-012,94.1,12,13.3,2703,8482,4.5,3.9,269.0,7466,1795,4,0
SUP-039,57.0,3,14.3,4517,11774,0.7,2.9,197.0,16008,4964,4,0
SUP-012,94.1,12,15.7,2362,6665,5.6,2.9,1088.0,2023,2805,4,0
SUP-005,50.0,9,17.4,886,2579,1.7,4.5,320.0,5264,1208,6,1
SUP-032,96.3,11,8.3,878,1732,3.4,7.2,917.0,2736,443,2,0
SUP-028,47.3,9,19.2,26276,78470,4.6,1.4,1091.0,125415,29001,1,0
SUP-024,92.3,0,16.3,2807,3847,4.6,0.2,925.0,11712,2702,3,0
SUP-021,85.2,12,14.9,453,1564,5.9,3.2,186.0,801,537,7,0
SUP-008,86.7,4,17.1,1501,4585,0.9,4.3,690.0,3079,1679,6,0
SUP-014,88.6,5,12.7,2477,8144,3.9,6.1,644.0,3875,2124,4,1
SUP-009,51.8,11,7.9,1858,1065,,5.5,141.0,2162,1778,4,1
SUP-014,88.6,5,12.2,7056,20241,2.0,2.8,737.0,11030,6174,4,0
SUP-028,47.3,9,17.7,6993,2880,1.6,2.7,793.0,33503,5865,1,0
SUP-011,64.7,6,9.7,4390,3227,0.6,2.9,4213.0,25831,3490,4,0
SUP-007,85.3,1,13.1,1355,2148,1.8,7.0,785.0,1711,1716,0,0
SUP-002,68.3,6,11.1,10840,10697,4.2,4.1,426.0,34123,9007,5,1
SUP-012,94.1,12,8.0,1238,2246,2.4,1.3,277.0,3407,771,4,0
SUP-034,64.6,6,18.6,2586,8087,1.1,3.8,731.0,2510,2277,2,0
SUP-039,57.0,3,16.8,805,1290,5.2,1.6,702.0,4388,1051,4,0
SUP-024,92.3,0,10.2,1860,5768,1.3,2.9,328.0,2919,961,3,0
SUP-016,57.0,4,18.4,7441,21210,4.5,3.5,752.0,17619,8705,2,0
SUP-039,57.0,3,16.4,1637,4078,3.1,1.0,1673.0,2833,1020,4,0
SUP-006,96.7,10,8.4,5608,6506,5.5,3.4,670.0,13034,3960,4,0
SUP-027,69.7,11,12.3,1307,4323,0.9,2.5,121.0,2439,786,0,0
SUP-020,78.5,2,18.4,1805,2512,3.7,7.7,918.0,6396,2141,3,0
SUP-006,96.7,10,8.5,11815,35675,3.9,1.8,264.0,67718,9752,4,0
SUP-017,74.4,3,22.7,7533,7434,2.3,5.7,217.0,35291,4652,4,0
SUP-024,92.3,0,16.7,677,1668,3.2,2.2,255.0,1634,937,3,0
SUP-004,82.0,12,9.8,3043,6985,1.5,5.8,574.0,12074,2712,3,0
SUP-004,82.0,12,8.7,6867,6297,2.9,1.3,687.0,38216,5554,3,0
SUP-002,68.3,6,15.9,2641,5249,0.5,4.1,393.0,8539,2038,5,0
SUP-034,64.6,6,22.7,3669,11458,2.4,2.3,1036.0,9381,2674,2,0
SUP-006,96.7,10,19.0,4910,8218,1.5,2.9,670.0,25246,6200,4,0
SUP-011,64.7,6,21.4,814,695,7.0,1.6,449.0,830,499,4,1
SUP-037,51.9,0,14.4,1154,2397,3.8,2.6,1228.0,4010,1016,1,0
SUP-012,94.1,12,13.2,2683,8331,6.0,4.7,614.0,12216,1428,4,1
SUP-019,88.9,9,4.7,1484,2182,4.5,3.5,378.0,3018,1506,2,0
SUP-006,96.7,10,13.2,2466,4440,3.4,1.7,288.0,8026,3031,4,0
SUP-014,88.6,5,15.2,4342,8869,2.9,2.5,502.0,19332,2603,4,0
SUP-018,48.4,10,16.6,4438,2804,3.9,6.2,1810.0,20378,3999,0,1
SUP-037,51.9,0,24.0,1811,3806,5.8,5.3,183.0,5177,1061,1,0
SUP-034,64.6,6,19.4,7631,10661,4.3,2.8,811.0,43500,5568,2,0
SUP-009,51.8,11,17.7,5143,17227,2.2,5.3,904.0,17084,6975,4,1
SUP-001,86.0,14,14.6,1679,1048,3.7,3.9,568.0,6480,1891,3,1
SUP-011,64.7,6,15.8,7746,10533,2.6,6.5,104.0,14316,6469,4,0
SUP-035,69.9,7,17.8,14401,12795,1.5,3.2,,11693,8891,3,0
SUP-034,64.6,6,14.3,2540,3623,3.7,3.8,666.0,11308,1321,2,1
SUP-038,70.2,2,18.6,542,1319,0.9,2.2,724.0,2230,564,4,0
SUP-009,51.8,11,11.5,3920,5775,2.9,3.9,338.0,14067,4445,4,1
SUP-040,80.5,1,8.2,8871,26638,2.1,3.5,442.0,39290,12028,6,0
SUP-008,86.7,4,12.6,2554,8756,3.1,4.9,517.0,9478,2401,6,0
SUP-003,90.5,2,11.5,9257,14359,1.0,5.3,292.0,30870,12687,5,0
SUP-024,92.3,0,11.8,1652,2115,3.8,6.3,668.0,8200,2119,3,0
SUP-027,69.7,11,11.6,11492,7256,1.7,2.7,656.0,61617,15554,0,0
SUP-017,74.4,3,13.2,2641,4912,4.4,7.1,584.0,13868,3006,4,0
SUP-007,85.3,1,13.1,2038,3176,2.5,1.6,171.0,9795,1262,0,0
SUP-034,64.6,6,23.0,5747,19581,3.3,3.3,2497.0,8953,4147,2,0
SUP-038,70.2,2,16.8,5836,8902,2.4,5.8,448.0,12804,6102,4,0
SUP-016,57.0,4,17.2,2136,6330,6.6,4.0,2218.0,8560,1508,2,1
SUP-009,51.8,11,19.1,4024,12323,1.5,3.9,1795.0,9618,4253,4,1
SUP-039,57.0,3,18.2,7657,23399,1.2,0.9,425.0,12405,7981,4,0
SUP-023,96.4,12,13.5,455,1316,3.3,4.2,386.0,1003,542,2,0
SUP-016,57.0,4,21.7,398,765,4.3,2.3,1045.0,501,423,2,0
SUP-039,57.0,3,19.8,1926,3691,0.9,0.8,330.0,4261,1631,4,0
SUP-037,51.9,0,8.3,12276,27258,4.6,6.0,1172.0,53469,12055,1,0
SUP-012,94.1,12,13.0,24371,54341,0.6,1.0,398.0,73026,27335,4,0
SUP-013,79.1,12,14.0,3553,7245,3.1,3.0,426.0,9071,4597,0,0
SUP-027,69.7,11,21.7,1209,2639,2.1,2.0,332.0,3100,1059,0,0
SUP-006,96.7,10,11.7,1795,5677,2.0,6.2,364.0,8258,2125,4,0
SUP-010,68.9,12,14.6,2988,4899,1.1,4.7,763.0,14426,1587,5,0
SUP-027,69.7,11,20.0,4661,15057,3.3,5.8,104.0,16530,3849,0,1
SUP-039,57.0,3,14.0,6035,10954,4.2,5.0,473.0,25657,6923,4,0
SUP-022,63.8,2,15.6,3215,10020,1.0,2.3,297.0,14354,3611,1,0
SUP-017,74.4,3,17.9,8132,20498,2.0,2.3,679.0,30068,10237,4,0
SUP-005,50.0,9,18.7,1126,1352,2.4,2.4,906.0,5636,1033,6,1
SUP-011,64.7,6,15.1,1536,4870,6.5,1.7,2186.0,5113,2054,4,1
SUP-003,90.5,2,14.2,5929,5088,1.4,3.8,339.0,20592,4315,5,0
SUP-028,47.3,9,25.5,4867,9307,3.9,1.6,430.0,15929,3948,1,1
SUP-021,85.2,12,20.6,1713,3301,7.7,2.7,810.0,6945,1408,7,1
SUP-018,48.4,10,20.8,3188,6357,4.7,2.4,902.0,7305,1771,0,1
SUP-014,88.6,5,8.1,7301,12169,2.1,6.2,1449.0,25083,6702,4,0
SUP-014,88.6,5,16.2,2533,1840,3.5,4.8,507.0,6426,3085,4,0
SUP-015,68.5,13,11.3,2209,4550,3.3,1.9,628.0,3072,1161,6,0
SUP-018,48.4,10,24.4,4042,9922,1.5,4.7,214.0,9476,4907,0,0
SUP-016,57.0,4,15.8,1303,1187,4.9,5.2,271.0,2778,1749,2,0
SUP-004,82.0,12,11.2,4534,2527,1.5,1.8,911.0,8074,6094,3,1
SUP-007,85.3,1,14.9,1920,1197,1.1,2.5,818.0,8282,1978,0,0
SUP-021,85.2,12,14.4,9687,12582,5.0,3.1,4034.0,41620,7000,7,1
SUP-021,85.2,12,10.2,1417,4861,3.7,2.6,697.0,1905,1405,7,0
SUP-037,51.9,0,16.9,3060,1477,4.9,3.2,1723.0,9553,3765,1,0
SUP-001,86.0,14,10.2,1236,395,2.7,1.9,300.0,4563,858,3,0
SUP-026,55.3,11,12.6,1354,2147,5.5,1.4,217.0,7083,967,6,1
SUP-027,69.7,11,18.0,2432,1219,3.1,2.9,651.0,13767,3233,0,0
SUP-008,86.7,4,13.7,1453,2923,2.1,7.1,193.0,7729,1517,6,0
SUP-009,51.8,11,18.8,2304,5239,2.5,4.5,188.0,3900,2643,4,1
SUP-021,85.2,12,17.2,3117,8245,3.5,3.4,1495.0,9442,3261,7,0
SUP-030,81.2,10,16.1,5990,8152,1.2,0.1,272.0,28807,5582,0,0
SUP-034,64.6,6,14.7,7691,24460,4.6,6.3,1476.0,27910,7177,2,0
SUP-001,86.0,14,8.9,1614,5212,3.1,1.5,763.0,4824,1248,3,1
SUP-025,86.3,11,11.3,6522,15801,0.5,4.0,1385.0,14442,7126,7,0
SUP-016,57.0,4,17.2,1381,569,5.4,6.4,185.0,2377,875,2,1
SUP-036,55.0,8,19.6,5656,8565,7.3,1.3,435.0,29081,4885,5,1
SUP-029,53.2,7,13.3,2238,5351,5.6,4.9,702.0,7528,1883,6,1
SUP-009,51.8,11,13.9,2038,6364,2.5,6.2,790.0,10873,1595,4,1
SUP-013,79.1,12,12.7,3275,8869,4.0,3.0,660.0,16849,2853,0,0
SUP-029,53.2,7,19.2,1824,3195,3.5,4.0,242.0,7894,2222,6,0
SUP-025,86.3,11,13.6,7986,2257,3.1,5.2,361.0,17285,7325,7,1
SUP-006,96.7,10,7.9,744,1488,3.1,4.4,,1630,394,4,0
SUP-006,96.7,10,15.0,2375,4325,1.2,2.0,610.0,8501,3239,4,0
SUP-022,63.8,2,15.0,1515,3357,4.5,6.0,1221.0,6211,1319,1,0
SUP-018,48.4,10,11.4,1730,1461,2.9,6.4,894.0,2056,2191,0,1
SUP-007,85.3,1,20.3,5504,3582,5.0,4.3,441.0,30553,6380,0,0
SUP-031,84.5,4,18.2,1532,3373,4.8,3.6,311.0,7058,1479,6,0
SUP-030,81.2,10,19.9,1898,759,5.0,3.1,485.0,4191,2522,0,1
SUP-001,86.0,14,11.9,5578,18446,3.0,3.5,1419.0,24774,4124,3,0
SUP-032,96.3,11,13.4,3836,10728,4.3,2.7,668.0,3267,3479,2,0
SUP-016,57.0,4,18.8,5779,15246,2.9,3.1,1969.0,23071,6010,2,0
SUP-028,47.3,9,19.6,1544,2087,4.9,2.7,1320.0,1567,1567,1,1
SUP-024,92.3,0,9.3,1683,1677,4.0,7.8,668.0,4168,1076,3,1
SUP-033,62.3,8,24.7,5827,12332,0.7,2.7,469.0,33620,3846,7,0
SUP-012,94.1,12,11.9,3613,6581,5.4,4.8,1272.0,4569,4136,4,0
SUP-032,96.3,11,9.2,775,1203,1.1,2.7,637.0,3624,1075,2,0
SUP-001,86.0,14,15.1,4306,8527,3.3,6.4,287.0,17985,3765,3,1
SUP-009,51.8,11,20.4,1813,2906,1.0,2.9,646.0,1553,2027,4,0
SUP-011,64.7,6,18.1,4310,10305,0.5,2.1,1713.0,18618,5030,4,0
SUP-001,86.0,14,16.3,5231,9521,0.2,6.0,1235.0,16481,4682,3,1
SUP-016,57.0,4,16.7,2102,2828,3.4,6.0,241.0,6283,2913,2,1
SUP-008,86.7,4,12.8,8033,8409,4.7,3.5,618.0,27708,4823,6,0
SUP-012,94.1,12,18.7,2104,3818,1.7,1.5,613.0,11916,2861,4,0
SUP-007,85.3,1,12.1,5377,8261,1.6,4.5,897.0,23659,7272,0,0
SUP-020,78.5,2,15.4,1704,4967,2.9,3.8,263.0,6222,1075,3,0
SUP-021,85.2,12,17.9,4600,7380,2.5,2.0,887.0,10793,5012,7,0
SUP-036,55.0,8,21.3,2378,3512,3.5,4.1,266.0,12043,1738,5,0
SUP-011,64.7,6,10.4,3800,12665,4.9,4.6,808.0,15993,2689,4,0
SUP-028,47.3,9,17.9,5284,8513,2.6,7.2,386.0,9735,6796,1,1
SUP-033,62.3,8,16.6,3286,848,2.6,4.0,210.0,5472,1671,7,1
SUP-011,64.7,6,12.9,855,1106,1.3,1.8,607.0,4868,719,4,0
SUP-019,88.9,9,7.8,3435,8468,1.7,2.5,438.0,18747,1985,2,0
SUP-001,86.0,14,17.8,2753,7514,5.3,3.8,677.0,2453,2773,3,0
SUP-003,90.5,2,14.1,22615,30664,2.6,5.3,353.0,91807,19777,5,1
SUP-015,68.5,13,8.5,8304,8501,4.1,6.0,1291.0,17250,8567,6,0
SUP-030,81.2,10,14.5,4552,4641,1.0,1.6,264.0,9436,2936,0,0
SUP-004,82.0,12,23.6,1605,3858,2.0,5.5,1768.0,6832,1759,3,0
SUP-010,68.9,12,22.8,3455,11437,2.4,2.9,1232.0,18519,3036,5,0
SUP-039,57.0,3,16.3,2702,6845,4.2,0.1,650.0,7812,2755,4,0
SUP-001,86.0,14,12.3,3120,9641,1.6,3.2,50.0,14199,4246,3,0
SUP-024,92.3,0,15.5,2362,6997,1.1,3.9,381.0,7296,3113,3,0
SUP-023,96.4,12,14.6,821,724,4.3,4.6,86.0,905,995,2,0
SUP-028,47.3,9,11.9,5639,4129,6.1,2.7,223.0,12554,3545,1,1
SUP-027,69.7,11,17.5,6432,20582,4.5,2.4,714.0,7975,8242,0,0
SUP-004,82.0,12,14.9,1487,1170,0.3,6.8,912.0,8683,2029,3,1
SUP-036,55.0,8,21.6,10286,18274,3.6,7.0,334.0,14207,13487,5,1
SUP-004,82.0,12,11.1,4803,12385,1.4,5.0,488.0,11317,4387,3,0
SUP-028,47.3,9,23.1,1744,3122,1.0,5.0,2203.0,4321,986,1,0
SUP-019,88.9,9,17.8,13398,43480,0.2,3.6,738.0,70642,16036,2,0
SUP-009,51.8,11,17.1,4987,17453,1.0,5.1,950.0,14010,6721,4,0
SUP-018,48.4,10,15.3,1625,1150,3.1,3.5,504.0,1337,1927,0,0
SUP-024,92.3,0,20.9,4244,11810,5.7,2.9,811.0,6987,3678,3,0
SUP-038,70.2,2,15.3,4389,10600,5.6,2.0,997.0,12223,5536,4,0
SUP-004,82.0,12,9.9,1510,5278,4.0,2.9,1205.0,6953,1557,3,0
SUP-019,88.9,9,9.4,2183,7630,3.6,2.0,154.0,2796,2850,2,0
SUP-032,96.3,11,9.6,603,1315,5.2,1.5,296.0,932,707,2,0
SUP-003,90.5,2,15.7,3907,5958,3.6,4.7,406.0,12633,3812,5,0
SUP-013,79.1,12,20.7,856,1445,3.0,5.5,479.0,3212,783,0,0
SUP-027,69.7,11,11.6,1386,2853,3.6,3.3,677.0,7355,1578,0,0
SUP-039,57.0,3,18.1,5427,18727,1.3,1.5,248.0,28542,4083,4,0
SUP-021,85.2,12,12.7,1337,4301,1.0,1.2,1156.0,4661,930,7,0
SUP-003,90.5,2,6.5,5790,7423,7.0,3.4,523.0,13003,7913,5,0
SUP-024,92.3,0,16.7,443,726,5.4,4.7,904.0,1102,429,3,1
SUP-031,84.5,4,11.7,5147,3119,1.2,1.6,108.0,11224,4209,6,0
SUP-014,88.6,5,7.9,657,1739,1.2,5.1,1426.0,1338,908,4,0
SUP-039,57.0,3,20.9,10543,33100,3.3,5.8,620.0,57416,10194,4,1
SUP-033,62.3,8,11.5,1287,3277,1.4,5.4,1844.0,5561,923,7,0
SUP-029,53.2,7,21.7,18106,34238,1.8,7.8,368.0,59467,9565,6,1
SUP-011,64.7,6,23.9,2076,5328,3.2,5.6,301.0,5641,1590,4,0
SUP-019,88.9,9,14.5,1925,3983,0.8,4.0,302.0,3863,1183,2,0
SUP-007,85.3,1,18.0,1199,452,5.7,3.1,1086.0,967,1169,0,0
SUP-011,64.7,6,15.3,3349,7884,6.2,2.1,790.0,18685,1977,4,0
SUP-026,55.3,11,20.4,682,354,4.4,2.1,346.0,1370,854,6,1
SUP-033,62.3,8,9.5,3744,10617,1.7,3.8,1026.0,20228,3265,7,0
SUP-001,86.0,14,17.1,4861,4365,1.5,4.6,390.0,26275,4010,3,0
SUP-037,51.9,0,22.7,2959,2517,4.2,2.1,179.0,9059,2924,1,0
SUP-014,88.6,5,13.5,13169,36000,0.7,5.8,730.0,22400,17435,4,1
SUP-030,81.2,10,11.5,2098,741,1.1,1.1,1408.0,10181,1624,0,0
SUP-036,55.0,8,23.0,666,2295,3.8,3.2,1165.0,2274,558,5,1
SUP-016,57.0,4,17.9,1271,477,2.2,3.6,609.0,3906,1418,2,1
SUP-009,51.8,11,15.0,6052,15202,4.1,3.5,326.0,14159,4460,4,0
SUP-015,68.5,13,15.6,2771,4864,1.9,3.4,685.0,12598,3761,6,0
SUP-031,84.5,4,18.0,4210,12350,0.8,1.0,521.0,18334,4550,6,0
SUP-035,69.9,7,18.9,1764,4871,4.6,2.3,72.0,8416,2086,3,0
SUP-002,68.3,6,19.7,2215,3973,1.8,5.0,488.0,11950,2444,5,0
SUP-015,68.5,13,10.7,7055,11569,4.4,4.5,733.0,39104,8271,6,0
SUP-040,80.5,1,15.2,6540,6789,1.5,6.9,685.0,32723,8756,6,0
SUP-010,68.9,12,14.7,2549,7221,3.1,5.1,645.0,5326,3269,5,1
SUP-020,78.5,2,2.1,3041,3375,2.7,3.5,396.0,16344,2818,3,0
SUP-008,86.7,4,13.6,3686,8544,1.5,3.0,600.0,14123,2511,6,0
SUP-005,50.0,9,14.0,747,1578,5.4,7.3,787.0,3626,980,6,1
SUP-039,57.0,3,13.3,1700,4126,2.0,3.1,203.0,9115,1625,4,0
SUP-019,88.9,9,21.9,10929,21744,2.1,3.1,279.0,22088,14311,2,1
SUP-015,68.5,13,13.2,672,2229,3.0,6.4,174.0,916,816,6,1
SUP-030,81.2,10,7.8,2961,3581,0.8,3.0,5615.0,8556,2039,0,0
SUP-029,53.2,7,17.4,7218,20206,2.1,4.7,167.0,10095,4332,6,1
SUP-009,51.8,11,19.4,853,283,3.7,1.8,536.0,2730,827,4,1
SUP-013,79.1,12,9.0,2340,4991,5.6,2.9,251.0,9933,2055,0,0
SUP-024,92.3,0,14.2,9354,31537,5.1,3.1,819.0,42487,9669,3,0
SUP-026,55.3,11,16.6,1210,413,0.9,3.7,,5699,1202,6,0
SUP-001,86.0,14,12.2,1358,714,1.9,3.0,898.0,6407,1755,3,0
SUP-014,88.6,5,14.6,6775,19624,2.1,2.5,6711.0,32249,5839,4,0
SUP-019,88.9,9,18.4,3993,4704,5.6,3.2,122.0,12311,5036,2,0
SUP-029,53.2,7,19.1,2832,1842,3.5,3.2,399.0,12686,3717,6,0
SUP-026,55.3,11,25.5,6060,11579,2.8,2.5,612.0,31488,3718,6,1
SUP-003,90.5,2,15.6,6895,13009,1.6,6.1,611.0,28188,4931,5,0
SUP-011,64.7,6,14.4,1868,2421,3.2,0.6,599.0,3137,1290,4,0
SUP-027,69.7,11,19.0,920,2699,3.9,2.0,372.0,4086,886,0,0
SUP-023,96.4,12,14.0,5618,12463,5.4,1.0,2333.0,6886,3372,2,0
SUP-037,51.9,0,15.9,971,751,2.2,6.7,371.0,2065,691,1,0
SUP-023,96.4,12,11.8,784,849,5.3,5.4,1210.0,4206,815,2,1
SUP-013,79.1,12,13.4,1815,516,5.4,1.7,469.0,8271,2425,0,1
SUP-026,55.3,11,16.2,551,691,2.9,5.4,328.0,1048,718,6,1
SUP-010,68.9,12,10.9,671,482,1.4,2.0,255.0,3880,487,5,1
SUP-002,68.3,6,12.2,6283,14754,3.8,5.1,2859.0,8961,3578,5,0
SUP-016,57.0,4,12.4,1167,3317,3.8,3.7,518.0,4536,1405,2,1
SUP-025,86.3,11,17.1,1700,1591,1.6,2.6,524.0,4911,1852,7,0
SUP-033,62.3,8,17.6,6740,12821,5.1,3.0,269.0,33672,5611,7,1
SUP-031,84.5,4,12.4,803,1722,1.1,3.0,673.0,2868,898,6,0
SUP-007,85.3,1,20.0,3553,5984,5.1,3.0,355.0,6590,4584,0,0
SUP-022,63.8,2,16.4,790,2688,1.1,4.9,314.0,2092,548,1,0
SUP-032,96.3,11,13.5,4882,14611,2.6,3.3,470.0,13107,6020,2,0
SUP-029,53.2,7,20.9,3081,718,2.0,2.3,218.0,8447,3260,6,1
SUP-025,86.3,11,20.2,10423,7267,0.8,3.9,661.0,18144,13720,7,1
SUP-037,51.9,0,13.0,9273,11688,1.0,4.3,701.0,12120,7215,1,0
SUP-022,63.8,2,20.8,2594,4771,,1.4,427.0,13345,2288,1,0
SUP-011,64.7,6,25.6,2291,4592,0.5,4.1,433.0,9467,3084,4,0
SUP-015,68.5,13,14.8,4370,2326,1.7,4.0,511.0,25344,3165,6,1
SUP-029,53.2,7,19.0,728,1474,2.1,3.9,975.0,1607,684,6,0
SUP-014,88.6,5,15.9,3392,3672,3.1,1.4,1561.0,10150,4130,4,0
SUP-011,64.7,6,10.2,3376,2067,,4.3,1546.0,13609,4565,4,0
SUP-009,51.8,11,12.6,3009,1810,2.9,2.1,202.0,13085,2091,4,0
SUP-030,81.2,10,16.0,3066,2351,3.8,6.4,147.0,16817,2870,0,0
SUP-003,90.5,2,20.5,1429,395,5.4,4.2,806.0,4205,977,5,1
SUP-040,80.5,1,7.8,5277,14427,7.9,3.6,835.0,22065,6304,6,0
SUP-035,69.9,7,12.9,4199,1419,3.7,3.8,323.0,12955,2907,3,0
SUP-030,81.2,10,11.0,2106,5274,1.8,5.6,861.0,12490,1921,0,0
SUP-013,79.1,12,15.3,3486,3353,4.0,1.4,1238.0,7525,2111,0,0
SUP-033,62.3,8,20.9,15013,4060,0.7,4.5,717.0,71021,10577,7,1
SUP-017,74.4,3,16.5,3332,8779,3.3,5.3,405.0,18467,4422,4,1
SUP-026,55.3,11,13.2,3716,5505,1.0,2.4,652.0,3187,4822,6,0
SUP-020,78.5,2,9.0,2969,4786,1.0,2.4,363.0,16933,3177,3,0
SUP-003,90.5,2,14.8,9661,6197,5.4,8.2,103.0,42586,12200,5,1
SUP-022,63.8,2,17.2,1325,3054,1.5,2.5,277.0,2578,845,1,0
SUP-031,84.5,4,9.7,3052,9811,2.5,4.5,443.0,7414,2428,6,0
SUP-029,53.2,7,15.8,2628,4771,3.1,1.8,222.0,3459,3125,6,1
SUP-023,96.4,12,10.8,1601,5395,4.2,2.9,397.0,6734,2145,2,0
SUP-021,85.2,12,12.8,2591,2075,2.4,4.3,864.0,15331,2291,7,1
SUP-038,70.2,2,21.7,2725,1625,4.8,0.5,1178.0,13538,2559,4,0
SUP-011,64.7,6,14.9,1839,4405,1.1,1.9,1042.0,5701,2463,4,0
SUP-039,57.0,3,23.4,1860,3623,5.7,4.9,685.0,2480,1655,4,0
SUP-018,48.4,10,17.0,9538,9021,3.8,4.5,477.0,44784,7273,0,1
SUP-014,88.6,5,12.3,6658,21588,3.5,1.4,935.0,31503,6219,4,0
SUP-022,63.8,2,19.8,5591,2816,3.1,2.1,321.0,7266,3771,1,0
SUP-007,85.3,1,17.5,1636,3636,2.8,4.7,987.0,7159,1002,0,0
SUP-014,88.6,5,6.4,3656,1227,0.5,4.3,173.0,4927,3514,4,0
SUP-002,68.3,6,13.8,5145,10523,3.1,4.7,779.0,4490,2676,5,0
SUP-012,94.1,12,13.8,1350,761,0.7,6.1,279.0,1984,1276,4,0
SUP-033,62.3,8,16.4,7274,12782,5.0,1.3,379.0,27905,8164,7,0
SUP-012,94.1,12,9.6,8006,17133,1.5,6.0,757.0,41715,7991,4,0
SUP-037,51.9,0,19.5,3836,12965,3.8,6.1,487.0,9763,2768,1,0
SUP-030,81.2,10,11.5,5873,4473,4.5,3.0,574.0,18721,3835,0,0
SUP-025,86.3,11,13.7,6459,3057,1.5,4.0,1056.0,22553,6846,7,1
SUP-033,62.3,8,15.4,5748,3425,7.5,4.9,277.0,11332,7456,7,1
SUP-004,82.0,12,12.3,2729,6809,5.2,5.5,427.0,3791,1547,3,1
SUP-039,57.0,3,2.0,4759,9573,6.4,3.0,715.0,21722,2754,4,0
SUP-011,64.7,6,10.9,2198,6502,1.8,1.6,445.0,7261,2501,4,0
SUP-016,57.0,4,17.3,2589,1654,4.2,6.4,359.0,11603,2980,2,1
SUP-013,79.1,12,14.8,12591,14075,1.3,4.4,1496.0,13564,14656,0,0
SUP-012,94.1,12,15.9,2539,3960,6.1,3.4,2359.0,11617,1388,4,0
SUP-014,88.6,5,14.2,1975,2568,3.3,3.7,620.0,8665,2138,4,0
SUP-001,86.0,14,12.3,3600,6928,3.1,3.1,229.0,8990,3300,3,0
SUP-001,86.0,14,15.4,8353,16139,5.3,3.1,609.0,40376,11525,3,0
SUP-013,79.1,12,20.2,3072,8724,2.3,1.1,152.0,4077,3716,0,0
SUP-006,96.7,10,16.2,14573,7383,2.3,3.1,473.0,65511,12464,4,0
SUP-031,84.5,4,11.6,4384,3918,7.5,2.4,793.0,24087,3824,6,0
SUP-009,51.8,11,21.1,21666,16402,2.5,4.3,328.0,66209,16364,4,0
SUP-029,53.2,7,10.8,6551,19676,1.9,4.5,1255.0,5536,4280,6,1
SUP-013,79.1,12,16.0,3052,6350,2.2,7.4,394.0,18168,3997,0,0
SUP-018,48.4,10,16.1,2584,8012,6.2,6.4,221.0,6135,2066,0,0
SUP-027,69.7,11,14.5,2144,5240,1.7,1.4,611.0,2946,2600,0,0
SUP-002,68.3,6,14.7,2477,1482,2.2,1.0,212.0,6251,3248,5,1
SUP-029,53.2,7,11.7,3901,6157,1.2,1.6,301.0,4853,2393,6,0
SUP-009,51.8,11,18.8,2235,2831,2.7,5.2,393.0,7259,2438,4,1
SUP-018,48.4,10,18.6,3589,7120,6.3,4.3,270.0,4249,2616,0,0
SUP-019,88.9,9,15.3,1595,3146,2.2,7.3,571.0,8514,2141,2,0
SUP-032,96.3,11,21.1,2022,2146,0.9,1.1,291.0,12013,1267,2,0
SUP-030,81.2,10,17.4,3003,2112,4.9,4.2,,3542,3162,0,0
SUP-012,94.1,12,10.2,360,455,4.9,1.1,733.0,1976,441,4,1
SUP-014,88.6,5,14.9,1987,6016,1.7,1.0,2390.0,7733,2544,4,0
SUP-033,62.3,8,14.4,7488,7353,2.7,4.4,1192.0,9020,7266,7,1
SUP-040,80.5,1,10.9,11901,31847,2.9,2.5,688.0,68687,8126,6,0
SUP-026,55.3,11,10.6,4483,6976,5.2,4.7,333.0,22198,4077,6,1
SUP-033,62.3,8,9.6,4053,6048,3.0,1.1,155.0,20106,3513,7,0
SUP-040,80.5,1,12.9,4891,2238,2.0,2.5,2301.0,10580,5972,6,1
SUP-020,78.5,2,17.2,9243,32240,1.9,2.1,465.0,24423,11464,3,0
SUP-015,68.5,13,21.7,2343,7622,0.9,4.9,518.0,3726,1216,6,1
SUP-007,85.3,1,22.8,3148,7955,2.3,4.7,1225.0,8509,1851,0,0
SUP-024,92.3,0,14.7,3353,11405,2.4,3.6,558.0,18477,4605,3,0
SUP-032,96.3,11,9.4,10364,34869,1.6,6.1,2251.0,33264,13845,2,0
SUP-039,57.0,3,19.3,13418,26464,1.0,6.0,716.0,29938,6992,4,1
SUP-027,69.7,11,12.5,1610,4776,2.8,4.0,212.0,8867,1902,0,1
SUP-005,50.0,9,20.6,5821,15733,2.7,2.8,2359.0,26012,5304,6,1
SUP-040,80.5,1,14.6,919,932,1.2,4.1,457.0,1503,755,6,0
SUP-006,96.7,10,12.8,19145,26420,1.7,3.7,1478.0,32390,24149,4,0
SUP-009,51.8,11,18.8,1405,3946,4.5,2.2,2424.0,3446,1643,4,1
SUP-021,85.2,12,10.0,1798,1671,0.8,2.0,1123.0,7319,1959,7,0
SUP-009,51.8,11,12.6,4969,1693,1.5,2.4,255.0,26728,5391,4,0
SUP-025,86.3,11,6.5,1541,367,6.2,2.5,1838.0,3854,1245,7,1
SUP-028,47.3,9,16.3,13496,44401,6.5,6.6,1506.0,29599,10885,1,0
SUP-040,80.5,1,11.8,5458,5799,2.1,5.1,330.0,30601,4478,6,0
SUP-003,90.5,2,5.9,1574,1748,7.1,5.2,248.0,4649,847,5,0
SUP-039,57.0,3,21.2,17805,32174,1.9,1.6,1348.0,103709,21021,4,0
SUP-024,92.3,0,20.2,2654,8220,6.1,2.9,707.0,8478,1648,3,0
SUP-014,88.6,5,15.2,1390,1583,3.6,3.7,719.0,4280,1562,4,0
SUP-019,88.9,9,13.9,2280,6957,0.6,1.5,883.0,3747,1304,2,0
SUP-005,50.0,9,23.7,1064,436,3.4,3.1,310.0,1126,1221,6,1
SUP-036,55.0,8,19.3,5202,16551,2.3,6.7,848.0,22724,3316,5,1
SUP-022,63.8,2,7.1,2581,7132,2.3,3.4,321.0,4724,3405,1,0
SUP-033,62.3,8,15.8,991,1608,4.2,4.5,512.0,4317,1038,7,1
SUP-008,86.7,4,13.8,5054,2957,3.5,2.4,240.0,10089,5857,6,0
SUP-023,96.4,12,15.6,2022,1210,,4.3,341.0,9537,2669,2,0
SUP-007,85.3,1,17.2,623,1515,0.8,6.8,461.0,1942,652,0,0
SUP-023,96.4,12,4.0,14106,33094,5.4,2.4,1349.0,28430,19618,2,0
SUP-006,96.7,10,8.1,7821,22971,,3.8,690.0,38662,5548,4,0
SUP-013,79.1,12,21.9,14289,44560,2.2,0.8,261.0,38116,19163,0,0
SUP-035,69.9,7,10.9,3146,4895,3.1,1.7,1226.0,18799,3408,3,1
SUP-039,57.0,3,16.8,1255,4326,4.5,2.1,691.0,2757,1452,4,0
SUP-032,96.3,11,14.4,2353,6959,1.9,1.9,1792.0,4662,3037,2,0
SUP-040,80.5,1,6.6,3226,8828,3.0,3.4,565.0,8812,3497,6,0
SUP-031,84.5,4,12.1,3429,2220,2.2,3.2,195.0,14835,3164,6,0
SUP-023,96.4,12,9.0,5961,3525,1.5,1.1,2117.0,25924,4418,2,0
SUP-019,88.9,9,16.9,5940,9369,1.0,3.9,1059.0,19859,6133,2,0
SUP-013,79.1,12,9.4,3118,3557,5.7,1.5,2442.0,7926,3932,0,0
SUP-004,82.0,12,13.6,5696,1352,2.7,6.1,376.0,23984,3684,3,0
SUP-003,90.5,2,4.2,2799,3067,2.8,5.0,503.0,13521,3067,5,1
SUP-002,68.3,6,14.4,5768,8126,3.9,2.9,1082.0,11641,4370,5,1
SUP-001,86.0,14,19.4,2736,7806,2.1,7.7,785.0,10572,2025,3,1
SUP-014,88.6,5,8.7,2123,6317,2.1,4.4,756.0,8062,1603,4,0
SUP-005,50.0,9,19.1,795,2294,2.8,2.0,494.0,3261,949,6,0
SUP-001,86.0,14,14.7,3681,8540,1.0,0.8,382.0,17855,2286,3,0
SUP-013,79.1,12,11.1,3053,4456,1.2,1.9,1222.0,9379,3170,0,0
SUP-013,79.1,12,16.0,1002,954,1.7,5.8,417.0,1785,1189,0,1
SUP-034,64.6,6,11.7,656,527,1.1,3.6,353.0,2577,834,2,0
SUP-005,50.0,9,18.5,24944,19702,0.2,2.6,261.0,35896,21625,6,1
SUP-010,68.9,12,19.7,1039,819,1.5,3.8,,2475,845,5,1
SUP-008,86.7,4,16.7,7181,18234,0.4,6.2,446.0,19302,3610,6,0
SUP-039,57.0,3,14.9,2850,6081,1.5,2.8,1827.0,5984,2091,4,0
SUP-040,80.5,1,20.0,4147,4775,3.0,3.9,532.0,14125,5792,6,0
SUP-031,84.5,4,15.6,4796,14109,0.6,2.7,747.0,23017,4287,6,0
SUP-035,69.9,7,14.3,1901,2279,0.8,3.1,204.0,4678,1249,3,0
SUP-001,86.0,14,12.4,3174,6321,1.5,3.1,1135.0,7828,2396,3,0
SUP-006,96.7,10,17.5,3384,2016,4.4,7.8,82.0,8269,3438,4,1
SUP-010,68.9,12,20.4,3056,1867,2.5,4.1,881.0,11479,2172,5,0
SUP-002,68.3,6,18.5,3426,8567,1.7,3.1,1145.0,20001,3067,5,1
SUP-022,63.8,2,12.0,893,1585,1.7,0.9,596.0,1167,752,1,0
SUP-011,64.7,6,14.9,1303,2500,2.3,4.6,1053.0,1320,1311,4,0
SUP-009,51.8,11,16.1,5616,5972,3.1,2.8,1186.0,8773,7362,4,0
SUP-001,86.0,14,20.0,1936,4626,1.3,3.9,206.0,1616,2185,3,0
SUP-026,55.3,11,21.6,1939,1225,3.4,2.4,257.0,3233,1774,6,0
SUP-022,63.8,2,10.7,7884,6850,0.9,3.7,456.0,7208,10902,1,0
SUP-004,82.0,12,15.2,576,135,2.5,3.7,472.0,2243,801,3,0
SUP-037,51.9,0,25.8,2518,2734,4.5,1.1,741.0,7114,1455,1,0
SUP-006,96.7,10,21.3,1519,1257,0.5,3.5,106.0,3832,978,4,1
SUP-029,53.2,7,22.8,3319,10290,2.3,6.0,180.0,16451,2594,6,1
SUP-022,63.8,2,23.7,11830,8464,4.3,3.7,93.0,35424,13505,1,0
SUP-022,63.8,2,19.4,3554,3305,3.0,2.7,1142.0,6632,4617,1,0
SUP-002,68.3,6,15.4,1941,679,0.2,1.2,492.0,9893,1237,5,0
SUP-018,48.4,10,19.8,965,1954,2.1,7.3,710.0,4442,1160,0,1
SUP-009,51.8,11,19.3,2150,2200,3.4,2.4,1533.0,10211,2172,4,1
SUP-004,82.0,12,14.1,1350,3478,2.5,2.6,1509.0,1604,1168,3,0
SUP-011,64.7,6,12.3,2962,1016,2.6,0.9,454.0,15011,3030,4,0
SUP-011,64.7,6,19.2,2338,1980,2.0,5.6,890.0,10132,1890,4,1
SUP-030,81.2,10,7.9,3632,11906,3.6,3.1,644.0,4401,4940,0,0
SUP-008,86.7,4,14.2,3985,7882,3.7,2.3,1177.0,19218,2846,6,0
SUP-004,82.0,12,17.5,4798,11538,1.6,4.9,295.0,18607,6220,3,0
SUP-032,96.3,11,12.7,708,1669,3.2,6.6,423.0,1068,408,2,0
SUP-012,94.1,12,17.0,2869,8072,1.0,6.4,,16889,1940,4,0
SUP-001,86.0,14,16.0,1852,3562,0.8,3.0,694.0,2043,2225,3,0
SUP-002,68.3,6,15.7,4825,16357,2.2,5.8,604.0,20276,3772,5,1
SUP-011,64.7,6,8.5,2126,4600,4.5,5.0,948.0,9008,1447,4,1
SUP-028,47.3,9,19.3,3312,10473,2.0,3.1,529.0,12016,4115,1,0
SUP-036,55.0,8,15.2,1259,2572,5.7,5.0,694.0,2507,1323,5,1
SUP-031,84.5,4,11.8,5866,17012,3.2,3.8,656.0,22511,4323,6,1
SUP-009,51.8,11,12.7,4813,8358,4.5,3.7,530.0,9657,2963,4,0
SUP-021,85.2,12,12.2,2710,8003,0.2,1.6,217.0,3989,3697,7,0
SUP-034,64.6,6,8.0,789,565,4.9,2.4,2618.0,4101,1070,2,0
SUP-015,68.5,13,11.4,968,2083,0.7,5.1,342.0,4957,999,6,0
SUP-002,68.3,6,21.2,2135,2719,1.1,3.8,413.0,11320,2371,5,0
SUP-006,96.7,10,12.0,2274,5814,0.7,1.4,297.0,10531,2289,4,0
SUP-001,86.0,14,16.0,3051,9792,1.0,6.0,383.0,4180,2783,3,0
SUP-039,57.0,3,19.1,3035,1813,2.0,3.9,622.0,3353,1944,4,0
SUP-006,96.7,10,14.2,1060,623,0.8,2.4,830.0,1177,1326,4,0
SUP-017,74.4,3,15.8,1427,1067,,1.8,1304.0,5502,1084,4,0
SUP-039,57.0,3,11.8,4569,11315,4.1,2.4,206.0,16265,4791,4,0
SUP-021,85.2,12,17.0,4406,6610,2.2,3.5,1775.0,22089,3701,7,1
SUP-017,74.4,3,15.7,9261,16977,2.6,1.5,922.0,38210,9385,4,0
SUP-030,81.2,10,14.3,1751,2109,1.9,6.0,1624.0,9320,1015,0,1
SUP-038,70.2,2,23.8,1707,1449,2.1,3.6,267.0,5334,2321,4,0
SUP-022,63.8,2,16.9,1158,2180,3.4,4.4,233.0,2495,923,1,0
SUP-019,88.9,9,13.5,3306,7238,2.5,3.1,458.0,13955,4022,2,0
SUP-040,80.5,1,10.6,1336,3698,1.4,6.9,254.0,4500,1471,6,0
SUP-001,86.0,14,16.9,1891,2678,2.4,2.9,473.0,6442,2633,3,1
SUP-037,51.9,0,18.1,1923,2512,2.2,6.7,900.0,10394,1786,1,0
SUP-008,86.7,4,10.7,876,2660,2.6,2.2,258.0,2149,1124,6,0
SUP-007,85.3,1,14.5,2281,7290,2.7,1.0,121.0,3839,2912,0,0
SUP-013,79.1,12,12.0,1818,3880,0.9,3.6,249.0,2577,2200,0,0
SUP-007,85.3,1,13.0,10885,18695,1.3,1.4,930.0,38875,14997,0,0
SUP-033,62.3,8,17.9,3037,6641,4.2,4.4,380.0,9106,3355,7,1
SUP-016,57.0,4,16.1,2756,7758,0.6,3.0,336.0,14960,1986,2,0
SUP-032,96.3,11,16.3,623,1260,6.0,1.5,344.0,3044,867,2,0
SUP-025,86.3,11,17.2,3153,7158,2.5,2.2,174.0,9111,2391,7,0
SUP-028,47.3,9,20.2,7886,7647,2.9,5.6,1201.0,6895,10272,1,1
SUP-017,74.4,3,21.0,6948,15694,2.7,6.0,1215.0,36547,6102,4,0
SUP-037,51.9,0,16.6,2166,2210,4.5,2.0,,4384,2895,1,0
SUP-029,53.2,7,19.2,9639,20551,4.2,5.3,286.0,49695,5020,6,1
SUP-010,68.9,12,7.8,1701,1402,4.5,6.0,630.0,4813,1901,5,1
SUP-003,90.5,2,16.4,5580,15271,4.7,5.7,362.0,6175,4314,5,0
SUP-007,85.3,1,16.1,10659,16301,4.0,2.1,645.0,21549,10430,0,0
SUP-004,82.0,12,14.0,1960,6057,1.4,2.3,533.0,2742,1010,3,0
SUP-031,84.5,4,16.7,3212,7834,2.1,3.5,339.0,11319,2740,6,0
SUP-014,88.6,5,19.2,4120,7792,4.5,2.3,367.0,11286,3281,4,1
SUP-007,85.3,1,16.4,4854,13939,1.5,0.4,789.0,8377,4198,0,0
SUP-008,86.7,4,14.0,785,423,2.8,5.2,217.0,2326,798,6,0
SUP-021,85.2,12,15.6,2705,8101,6.0,3.6,357.0,7273,3046,7,0
SUP-017,74.4,3,16.1,2348,6343,2.6,4.8,1200.0,12428,2162,4,0
SUP-008,86.7,4,8.3,452,1170,6.2,3.5,621.0,1846,302,6,0
SUP-031,84.5,4,11.4,4985,5768,2.9,4.6,717.0,12278,4264,6,0
SUP-030,81.2,10,18.7,5621,11370,3.9,4.1,548.0,25382,4199,0,0
SUP-023,96.4,12,5.4,4645,15462,0.7,4.7,1062.0,27033,6050,2,0
SUP-036,55.0,8,15.9,2463,942,4.3,5.1,194.0,4207,1349,5,1
SUP-027,69.7,11,19.2,1097,3506,4.0,1.9,777.0,2331,614,0,0
SUP-019,88.9,9,13.1,4069,4454,1.0,4.3,114.0,13713,2757,2,0
SUP-031,84.5,4,9.4,2602,5553,1.4,4.8,429.0,8984,1385,6,1
SUP-032,96.3,11,9.3,769,1577,0.3,4.9,242.0,1631,663,2,0
SUP-014,88.6,5,12.6,4164,5997,4.2,5.3,453.0,23123,5217,4,0
SUP-017,74.4,3,11.6,2043,4851,4.2,3.1,1085.0,6218,1477,4,0
SUP-017,74.4,3,13.8,3692,10610,1.4,0.3,737.0,16486,3608,4,0
SUP-035,69.9,7,21.1,1481,701,2.8,3.5,893.0,5387,1315,3,0
SUP-012,94.1,12,20.9,1615,4911,3.0,2.0,1392.0,3114,2205,4,1
SUP-025,86.3,11,12.3,1433,710,0.9,2.6,108.0,1334,977,7,0
SUP-003,90.5,2,18.4,1690,4882,4.3,6.5,335.0,7764,1466,5,1
SUP-013,79.1,12,13.5,2904,10100,1.7,4.9,476.0,4984,1653,0,0
SUP-027,69.7,11,17.3,4134,8965,0.7,1.1,224.0,13467,5322,0,0
SUP-003,90.5,2,15.7,1851,4110,3.4,1.2,485.0,7366,1394,5,0
SUP-030,81.2,10,17.3,1719,1431,3.6,4.0,1038.0,7094,983,0,0
SUP-011,64.7,6,16.9,5738,15668,4.3,2.3,601.0,28651,4461,4,1
SUP-022,63.8,2,10.8,3338,8862,1.6,6.3,376.0,11897,3099,1,0
SUP-021,85.2,12,9.9,4237,9556,3.8,4.1,117.0,10124,2937,7,0
SUP-039,57.0,3,15.1,824,2046,3.5,5.6,973.0,3435,463,4,1
SUP-011,64.7,6,15.2,4427,3592,1.3,2.5,362.0,19337,3068,4,0
SUP-017,74.4,3,16.8,6944,15635,3.2,1.5,747.0,29640,8754,4,0
SUP-001,86.0,14,16.7,3208,2655,3.8,4.3,446.0,16412,2584,3,1
SUP-030,81.2,10,14.1,4618,9853,5.2,7.4,857.0,8344,3869,0,0
SUP-005,50.0,9,19.2,2270,3765,4.6,3.3,75.0,4987,2548,6,1
SUP-018,48.4,10,19.7,9455,10484,1.2,4.4,859.0,50958,8213,0,0
SUP-039,57.0,3,15.6,29157,28530,1.8,2.6,432.0,145485,39766,4,1
SUP-015,68.5,13,14.8,7531,13203,2.5,4.8,286.0,24784,4056,6,1
SUP-011,64.7,6,16.7,3658,12384,0.9,1.3,668.0,15593,4307,4,0
SUP-013,79.1,12,11.7,2601,2578,1.4,1.3,1711.0,12395,1314,0,0
SUP-019,88.9,9,10.9,13606,10124,5.5,6.9,2359.0,31972,18925,2,0
SUP-019,88.9,9,12.4,2497,8029,3.4,4.9,2191.0,10165,1808,2,1
SUP-029,53.2,7,11.7,682,860,1.5,0.9,836.0,850,491,6,0
SUP-034,64.6,6,22.5,7388,15440,1.4,3.9,210.0,15780,7201,2,0
SUP-039,57.0,3,22.3,694,1654,2.6,5.6,351.0,2751,752,4,0
SUP-032,96.3,11,20.9,2008,714,1.1,1.3,308.0,4775,2515,2,0
SUP-027,69.7,11,11.5,2022,1667,2.3,4.7,253.0,4038,2431,0,0
SUP-028,47.3,9,14.4,6695,6944,0.8,2.4,1220.0,34022,7432,1,0
SUP-011,64.7,6,18.3,2334,3128,4.6,1.3,825.0,2695,1868,4,1
SUP-029,53.2,7,18.6,2825,5487,3.7,4.4,727.0,16676,2344,6,0
SUP-037,51.9,0,18.7,4954,1363,4.3,2.5,194.0,28656,4627,1,1
SUP-034,64.6,6,17.3,2716,2609,0.5,1.1,1496.0,13577,3748,2,1
SUP-023,96.4,12,15.5,3318,10594,2.4,1.8,523.0,11602,4038,2,0
SUP-002,68.3,6,14.8,1528,899,2.6,3.0,891.0,3900,830,5,0
SUP-032,96.3,11,8.3,1668,2375,0.6,4.2,264.0,8531,2047,2,0
SUP-030,81.2,10,17.5,1252,2576,3.8,2.5,189.0,1986,951,0,0
SUP-002,68.3,6,16.5,5104,14446,2.8,4.9,134.0,11137,3329,5,1
SUP-025,86.3,11,9.9,2683,9077,3.2,3.8,1780.0,11773,2771,7,1
SUP-006,96.7,10,13.6,1377,4375,4.7,3.2,442.0,1247,1669,4,1
SUP-003,90.5,2,18.0,14266,30197,3.2,3.4,874.0,40714,7383,5,0
SUP-036,55.0,8,15.0,1964,3323,6.7,3.7,1226.0,11084,1333,5,0
SUP-037,51.9,0,21.2,4656,4626,3.4,6.1,626.0,13888,3213,1,0
SUP-032,96.3,11,12.7,7465,3870,2.0,1.6,260.0,8368,4129,2,0
SUP-017,74.4,3,10.9,4407,1981,1.3,1.2,317.0,21614,3982,4,0
SUP-002,68.3,6,9.8,6061,5219,4.1,2.6,603.0,20763,4768,5,0
SUP-009,51.8,11,17.8,12159,27208,1.9,3.7,653.0,19375,16244,4,0
SUP-021,85.2,12,11.9,1385,2439,2.7,3.7,2307.0,5679,803,7,1
SUP-030,81.2,10,12.6,10043,14691,5.4,3.2,985.0,59453,10051,0,1
SUP-017,74.4,3,11.1,3303,8314,3.3,4.7,1213.0,11390,3873,4,0
SUP-033,62.3,8,20.7,2375,1185,4.0,1.4,1637.0,4167,3261,7,1
SUP-026,55.3,11,20.9,3640,12477,2.0,4.9,349.0,7787,4680,6,1
SUP-006,96.7,10,10.4,1575,2154,1.6,4.6,271.0,4617,2004,4,0
SUP-016,57.0,4,17.0,3639,9175,1.9,1.3,3350.0,11816,3283,2,0
SUP-008,86.7,4,12.3,2760,6384,2.1,2.6,486.0,5027,2318,6,0
SUP-019,88.9,9,15.7,2765,2823,1.7,2.1,515.0,2491,2388,2,0
SUP-022,63.8,2,19.0,3530,5114,2.7,6.2,360.0,3487,2572,1,0
SUP-009,51.8,11,19.5,2721,750,0.5,5.2,102.0,15892,3404,4,1
SUP-014,88.6,5,13.0,754,1554,0.6,3.2,510.0,1437,771,4,0
SUP-007,85.3,1,11.2,1478,4034,4.6,1.4,451.0,4358,1882,0,0
SUP-036,55.0,8,17.2,5833,2087,1.2,2.1,324.0,16648,5787,5,0
SUP-003,90.5,2,20.7,2109,2226,3.8,4.6,232.0,8324,1832,5,1
SUP-032,96.3,11,14.4,4669,11443,4.5,6.7,245.0,13632,4619,2,1
SUP-026,55.3,11,12.6,349,1012,2.4,3.2,284.0,678,432,6,1
SUP-027,69.7,11,22.3,5126,3944,7.0,4.0,399.0,4725,3150,0,0
SUP-039,57.0,3,22.2,2746,8629,2.9,2.8,804.0,9322,1683,4,0
SUP-026,55.3,11,20.3,3159,6162,1.0,3.1,735.0,6457,4079,6,1
SUP-038,70.2,2,20.7,3469,7192,4.1,7.9,1842.0,13934,4392,4,1
SUP-017,74.4,3,14.4,1637,3071,4.2,2.7,260.0,5327,1331,4,0
SUP-003,90.5,2,12.7,13068,22176,1.3,2.1,873.0,72081,7040,5,0
SUP-015,68.5,13,18.4,4651,9327,2.3,2.1,494.0,8176,6017,6,0
SUP-036,55.0,8,23.5,4953,10916,1.0,2.7,636.0,19275,4790,5,1
SUP-034,64.6,6,14.1,3493,8567,3.3,3.1,249.0,3663,2116,2,0
SUP-024,92.3,0,15.2,1056,736,5.1,1.1,314.0,4768,974,3,0
SUP-018,48.4,10,18.9,9587,26427,3.0,0.9,1038.0,53131,6542,0,0
SUP-040,80.5,1,12.0,5155,4277,3.5,4.3,202.0,6354,3934,6,0
SUP-012,94.1,12,18.4,5549,6138,5.8,3.3,572.0,28062,5558,4,1
SUP-010,68.9,12,12.5,1418,472,2.7,2.0,640.0,3821,1830,5,1
SUP-034,64.6,6,20.3,6094,16878,2.2,0.8,113.0,29471,5876,2,0
SUP-029,53.2,7,20.7,4681,7965,2.9,3.1,488.0,7289,2346,6,0
SUP-022,63.8,2,16.3,5007,4939,5.3,5.4,89.0,17098,4780,1,1
SUP-029,53.2,7,16.8,1805,425,2.5,5.2,398.0,1658,2177,6,1
SUP-030,81.2,10,16.7,2977,6590,0.3,5.8,367.0,9254,3996,0,1
SUP-035,69.9,7,16.2,5516,11185,5.8,1.8,668.0,26052,5732,3,0
SUP-011,64.7,6,15.3,6316,14286,0.9,6.1,2204.0,11641,3641,4,1
SUP-018,48.4,10,15.1,986,374,,1.5,1979.0,3948,530,0,0
SUP-033,62.3,8,11.2,2163,2960,3.2,1.8,1435.0,9099,1871,7,0
SUP-030,81.2,10,17.7,11221,17885,0.2,2.3,853.0,20712,10640,0,0
SUP-011,64.7,6,17.6,28285,92429,2.0,3.6,1388.0,161987,22154,4,0
SUP-020,78.5,2,9.1,1801,3854,3.5,5.2,931.0,10486,2067,3,1
SUP-031,84.5,4,13.3,4552,6748,3.7,5.7,232.0,15693,2753,6,0
SUP-008,86.7,4,11.0,1736,4976,3.3,3.3,,6756,1616,6,0
SUP-010,68.9,12,16.8,2170,834,3.0,5.2,734.0,4927,1971,5,1
SUP-020,78.5,2,11.9,322,508,1.1,8.0,1373.0,500,391,3,0
SUP-038,70.2,2,6.4,2771,5042,0.9,3.5,427.0,2897,3350,4,1
SUP-028,47.3,9,13.3,2494,3819,6.8,2.1,410.0,11423,3313,1,1
SUP-038,70.2,2,16.3,11767,20869,4.0,7.4,1125.0,16152,10718,4,1
SUP-004,82.0,12,11.6,9934,33766,2.6,4.8,135.0,59475,9480,3,0
SUP-017,74.4,3,18.9,2731,5934,1.9,1.0,1124.0,13297,2963,4,0
SUP-032,96.3,11,14.5,4917,5687,7.7,2.5,325.0,21923,6087,2,0
SUP-020,78.5,2,11.4,3221,7880,2.8,7.8,155.0,15062,2300,3,0
SUP-013,79.1,12,7.9,3983,9100,4.3,1.5,742.0,18846,5236,0,0
SUP-018,48.4,10,20.2,2518,4464,4.9,6.3,775.0,3207,3341,0,1
SUP-001,86.0,14,14.3,2104,1469,4.5,4.1,296.0,3209,2399,3,0
SUP-021,85.2,12,13.5,2166,906,0.8,0.4,728.0,9353,1585,7,0
SUP-037,51.9,0,16.5,1050,2215,5.4,4.8,247.0,843,859,1,0
SUP-002,68.3,6,12.1,2333,3554,2.8,1.6,78.0,5429,2477,5,0
SUP-017,74.4,3,17.4,1471,5146,2.0,5.5,1743.0,2664,1039,4,0
SUP-031,84.5,4,13.7,2323,6073,4.5,3.3,602.0,2967,2896,6,0
SUP-015,68.5,13,14.3,2469,6057,1.6,2.1,446.0,3560,1341,6,0
SUP-030,81.2,10,8.4,1458,3539,2.2,4.5,1300.0,7364,2034,0,0
SUP-035,69.9,7,14.3,5895,3646,1.2,1.7,531.0,17293,5682,3,1
SUP-012,94.1,12,12.7,2626,6201,2.4,3.7,694.0,14178,1927,4,0
SUP-012,94.1,12,10.8,3743,9688,1.5,4.5,386.0,4782,4314,4,0
SUP-032,96.3,11,21.8,2995,831,1.6,4.6,317.0,4651,2066,2,0
SUP-001,86.0,14,7.1,839,666,4.3,4.8,421.0,3730,558,3,0
SUP-009,51.8,11,24.3,2882,3303,3.0,1.7,363.0,6100,3635,4,0
SUP-007,85.3,1,16.5,3097,8342,3.0,5.9,652.0,12342,2239,0,0
SUP-005,50.0,9,19.1,1913,5355,1.2,1.8,1408.0,4702,2435,6,1
SUP-002,68.3,6,23.9,5634,14883,1.2,2.5,246.0,6124,6923,5,0
SUP-039,57.0,3,18.6,507,967,2.8,4.0,237.0,812,393,4,0
SUP-001,86.0,14,18.0,4209,5179,4.2,3.0,459.0,16677,4383,3,1
SUP-002,68.3,6,18.3,5432,4943,2.9,2.8,449.0,20891,3671,5,0
SUP-028,47.3,9,15.0,2152,5031,1.1,2.0,707.0,9022,1688,1,0
SUP-006,96.7,10,16.2,4328,12847,2.4,2.9,314.0,21352,2974,4,0
SUP-024,92.3,0,12.4,3062,3505,1.0,4.0,399.0,5872,3468,3,0
SUP-033,62.3,8,21.0,3625,10489,4.6,5.7,326.0,12759,4973,7,1
SUP-025,86.3,11,10.9,656,370,4.4,4.6,571.0,1385,502,7,1
SUP-017,74.4,3,8.3,5494,12439,3.9,0.9,251.0,20690,3667,4,0
SUP-035,69.9,7,15.4,3891,13361,0.5,3.8,265.0,8216,4486,3,0
SUP-005,50.0,9,18.0,11757,20993,6.6,3.2,867.0,69665,15135,6,1
SUP-029,53.2,7,19.6,3877,12033,0.9,2.0,849.0,9602,4967,6,0
SUP-010,68.9,12,12.1,1726,814,3.4,3.8,376.0,2815,1472,5,1
SUP-013,79.1,12,19.7,11836,8354,2.1,7.1,1878.0,20502,12302,0,1
SUP-001,86.0,14,12.9,5230,6973,2.8,1.5,3377.0,17954,3252,3,0
SUP-037,51.9,0,12.8,1304,2584,4.1,3.6,516.0,4128,933,1,0
SUP-009,51.8,11,23.4,3016,10075,4.0,6.0,528.0,6732,3548,4,1
SUP-009,51.8,11,21.1,1437,857,4.6,3.6,909.0,7253,1073,4,1
SUP-028,47.3,9,18.9,785,815,2.1,3.8,521.0,4619,515,1,0
SUP-007,85.3,1,21.0,4972,10851,4.5,2.0,1034.0,9571,4338,0,0
SUP-040,80.5,1,13.0,3020,3498,5.4,3.8,2096.0,12695,2212,6,1
SUP-006,96.7,10,11.1,1732,2644,4.5,3.1,578.0,3409,2185,4,0
SUP-005,50.0,9,17.1,955,2249,1.5,5.5,619.0,3293,650,6,0
SUP-029,53.2,7,26.1,5033,12938,0.8,2.0,203.0,9979,4900,6,1
SUP-010,68.9,12,10.2,3078,2070,1.5,4.1,316.0,6407,2090,5,0
SUP-004,82.0,12,15.2,2860,9576,1.5,2.5,323.0,6524,2344,3,0
SUP-030,81.2,10,10.4,3560,1733,6.3,4.1,451.0,20999,2258,0,0
SUP-006,96.7,10,10.8,1783,3179,3.0,4.0,2786.0,3405,2472,4,1
SUP-014,88.6,5,12.5,12953,27304,2.0,4.9,454.0,53396,10535,4,0
SUP-006,96.7,10,15.5,4725,3882,1.6,2.7,280.0,21377,5022,4,0
SUP-031,84.5,4,19.4,1102,378,4.2,1.4,596.0,6327,828,6,1
SUP-021,85.2,12,21.6,4101,11833,3.2,1.7,246.0,14691,5720,7,0
SUP-023,96.4,12,12.8,2950,4333,3.9,0.9,209.0,5107,3089,2,0
SUP-020,78.5,2,16.0,4404,6613,4.3,2.2,660.0,18565,5562,3,0
SUP-040,80.5,1,11.4,2503,4882,2.9,4.9,262.0,13650,2541,6,0
SUP-008,86.7,4,19.1,2339,7976,,1.9,472.0,7413,2534,6,0
SUP-002,68.3,6,27.1,1071,822,2.7,3.1,590.0,3882,1273,5,0
SUP-010,68.9,12,9.3,4096,13163,4.6,4.9,1052.0,16850,3866,5,0
SUP-012,94.1,12,11.1,5935,1790,0.5,3.4,203.0,7628,4146,4,1
SUP-003,90.5,2,13.3,3108,5856,1.6,2.2,435.0,15411,3601,5,0
SUP-018,48.4,10,11.0,2923,5758,0.8,4.8,818.0,8914,3647,0,0
SUP-010,68.9,12,13.4,2456,7089,3.4,1.4,363.0,8481,3103,5,0
SUP-008,86.7,4,13.7,3617,7481,3.2,1.3,370.0,13998,2739,6,0
SUP-025,86.3,11,19.3,777,2074,2.9,2.5,177.0,1756,1071,7,0
SUP-036,55.0,8,23.2,13688,24195,4.8,3.5,1405.0,74000,17664,5,0
SUP-025,86.3,11,14.0,3119,3034,7.4,4.5,806.0,12676,3080,7,1
SUP-025,86.3,11,12.0,10519,17463,2.3,4.2,70.0,60194,13918,7,0
SUP-004,82.0,12,16.0,4985,13056,2.6,1.6,375.0,7945,4307,3,1
SUP-022,63.8,2,7.0,7847,4878,4.6,3.6,1611.0,45743,4719,1,0
SUP-015,68.5,13,11.2,3899,13499,1.9,3.4,417.0,19710,4551,6,0
SUP-017,74.4,3,17.9,3008,5488,0.6,4.1,1014.0,2772,3912,4,0
SUP-027,69.7,11,10.0,4494,12771,4.7,2.3,541.0,18032,5742,0,0
SUP-015,68.5,13,15.1,4737,10245,1.7,2.9,1326.0,4793,2776,6,0
SUP-013,79.1,12,12.5,3308,1325,5.4,3.5,1553.0,15138,4335,0,0
SUP-010,68.9,12,16.8,5925,8184,1.7,4.7,870.0,32503,5263,5,1
SUP-010,68.9,12,20.2,6687,4709,5.0,4.1,510.0,12944,8595,5,1
SUP-017,74.4,3,20.0,295,588,2.9,5.1,226.0,1218,370,4,0
SUP-013,79.1,12,9.9,969,1722,4.9,3.5,425.0,3556,591,0,1
SUP-036,55.0,8,23.3,4560,9367,3.3,1.1,791.0,12840,6295,5,0
SUP-021,85.2,12,14.6,651,1010,5.4,1.1,741.0,3283,421,7,0
SUP-027,69.7,11,19.2,3292,8028,2.0,1.9,2213.0,15767,4456,0,0
SUP-032,96.3,11,15.9,1676,3990,3.6,1.5,172.0,8922,1478,2,0
SUP-003,90.5,2,12.8,1817,4488,5.1,1.7,217.0,5194,1603,5,0
SUP-011,64.7,6,7.8,3282,4222,6.5,5.1,539.0,3643,3030,4,1
SUP-010,68.9,12,14.0,6144,4254,3.5,4.0,322.0,29498,5448,5,1
SUP-021,85.2,12,8.4,2910,6210,2.2,5.1,525.0,12794,2910,7,1
SUP-040,80.5,1,11.4,1932,2042,6.3,3.1,651.0,10340,984,6,0
SUP-016,57.0,4,16.7,2485,3259,1.6,4.3,763.0,9823,2715,2,1
SUP-014,88.6,5,14.9,2104,1706,3.4,5.0,374.0,7833,1244,4,0
SUP-037,51.9,0,15.9,1200,1212,2.5,3.2,303.0,1225,841,1,0
SUP-016,57.0,4,15.0,2752,6689,,5.3,668.0,6945,2977,2,0
SUP-007,85.3,1,10.1,11488,19488,0.3,2.2,499.0,11913,15452,0,0
SUP-011,64.7,6,22.0,10395,5667,2.5,2.4,733.0,57179,13295,4,0
SUP-038,70.2,2,13.4,4814,5081,2.5,4.0,184.0,10944,3871,4,0
SUP-005,50.0,9,12.5,1780,400,4.4,2.7,1273.0,4535,2167,6,1
SUP-015,68.5,13,15.0,11598,11870,2.3,4.7,232.0,31122,15427,6,1
SUP-033,62.3,8,13.2,3235,9116,3.4,1.2,324.0,8482,3877,7,0
SUP-036,55.0,8,15.9,1344,2819,4.1,2.6,620.0,5367,936,5,0
SUP-033,62.3,8,22.1,691,2064,4.0,6.7,403.0,831,726,7,1
SUP-036,55.0,8,15.3,1828,3914,1.3,2.0,310.0,4739,1940,5,0
SUP-013,79.1,12,15.0,1445,2126,4.1,5.1,412.0,7436,820,0,1
SUP-014,88.6,5,15.7,2595,5769,2.4,1.2,432.0,2266,3464,4,0
SUP-021,85.2,12,12.1,8357,17014,3.3,1.2,2098.0,15943,4814,7,0
SUP-016,57.0,4,19.1,2458,7476,,3.5,1033.0,8678,3271,2,1
SUP-034,64.6,6,13.1,3198,3645,2.9,1.2,1123.0,15655,3419,2,0
SUP-003,90.5,2,10.8,1581,984,4.1,4.5,696.0,3904,1065,5,0
SUP-031,84.5,4,6.4,1229,2005,4.8,5.4,799.0,5361,1019,6,1
SUP-028,47.3,9,18.9,2179,1979,5.3,1.0,575.0,6864,1154,1,0
SUP-015,68.5,13,12.3,2613,1614,2.7,5.2,1747.0,7626,2027,6,1
SUP-013,79.1,12,11.3,986,2076,3.0,7.4,193.0,1434,1219,0,0
SUP-009,51.8,11,15.3,913,1889,2.8,1.8,1306.0,4722,608,4,0
SUP-015,68.5,13,13.4,198,410,4.7,4.6,309.0,992,199,6,0
SUP-006,96.7,10,9.1,2591,6114,3.8,1.4,416.0,4745,1941,4,0
SUP-015,68.5,13,15.8,1235,569,5.1,3.1,190.0,2005,980,6,0
SUP-028,47.3,9,17.7,3874,12312,1.5,5.3,393.0,19801,4138,1,0
SUP-019,88.9,9,14.7,840,2250,3.2,4.0,480.0,2701,679,2,0
SUP-001,86.0,14,14.2,2644,8856,6.0,1.5,302.0,6787,1990,3,0
SUP-026,55.3,11,21.3,930,869,2.3,2.1,128.0,2450,1253,6,0
SUP-016,57.0,4,18.0,8337,5898,1.5,3.0,130.0,39409,9176,2,0
SUP-027,69.7,11,10.3,1412,2175,0.9,2.2,2413.0,3624,1864,0,0
SUP-019,88.9,9,17.6,2731,7297,1.8,2.5,1498.0,5370,1380,2,0
SUP-030,81.2,10,13.6,871,298,3.1,4.6,372.0,2092,1033,0,1
SUP-035,69.9,7,20.1,3881,9845,2.8,2.4,593.0,6640,3189,3,0
SUP-014,88.6,5,14.2,3379,5631,2.3,2.6,128.0,8034,4467,4,0
SUP-010,68.9,12,19.5,4710,4462,4.5,1.1,2230.0,26810,3717,5,0
SUP-038,70.2,2,13.0,3443,11416,0.9,3.3,518.0,13548,2975,4,0
SUP-003,90.5,2,10.4,3009,8587,1.5,5.4,211.0,14674,3357,5,0
SUP-028,47.3,9,24.2,2822,6630,0.9,3.3,1552.0,6625,3248,1,0
SUP-013,79.1,12,14.8,3951,8255,3.0,4.9,630.0,6990,4847,0,0
SUP-026,55.3,11,10.2,1664,1296,1.3,2.7,340.0,8357,1228,6,0
SUP-013,79.1,12,15.2,1517,5023,4.1,2.8,453.0,1581,1562,0,0
SUP-022,63.8,2,23.2,3453,11975,0.3,4.9,1179.0,5226,3757,1,0
SUP-015,68.5,13,12.8,7534,20034,1.9,3.7,380.0,16224,4867,6,1
SUP-005,50.0,9,24.5,7653,17018,3.0,2.6,605.0,42549,5058,6,1
SUP-012,94.1,12,11.5,5177,16636,0.3,4.8,274.0,18719,2931,4,1
SUP-020,78.5,2,11.9,5728,11436,0.9,2.2,633.0,10699,7343,3,0
SUP-039,57.0,3,25.6,1164,258,3.5,2.3,538.0,2508,1477,4,1
SUP-008,86.7,4,13.4,1705,2086,1.6,2.1,730.0,9667,1317,6,0
SUP-031,84.5,4,13.3,3615,1307,1.2,4.6,363.0,6951,4141,6,0
SUP-021,85.2,12,7.0,1259,287,1.4,1.0,275.0,2641,1097,7,0
SUP-005,50.0,9,23.5,11451,38001,2.2,1.4,340.0,41393,6156,6,0
SUP-021,85.2,12,15.0,10239,3245,1.8,5.9,431.0,21209,9525,7,0
SUP-026,55.3,11,13.7,13636,22910,0.6,2.5,530.0,59437,14666,6,0
SUP-040,80.5,1,17.2,5229,7844,3.1,2.3,1548.0,29211,3675,6,0
SUP-032,96.3,11,10.4,744,575,0.6,3.0,258.0,2012,478,2,0
SUP-029,53.2,7,10.0,2494,6351,6.7,6.8,110.0,8530,3277,6,1
SUP-001,86.0,14,12.7,1731,5812,3.9,2.2,579.0,3633,879,3,0
SUP-007,85.3,1,9.5,3268,6543,2.8,3.2,1653.0,4721,2789,0,0
SUP-023,96.4,12,12.9,5137,6629,5.7,3.1,1001.0,26460,4206,2,1
SUP-034,64.6,6,18.3,484,1305,2.7,7.0,1547.0,976,465,2,0
SUP-009,51.8,11,13.6,1057,1952,1.8,7.3,575.0,4251,1411,4,1
SUP-009,51.8,11,15.1,4489,13689,2.3,4.5,226.0,9200,5637,4,0
SUP-007,85.3,1,12.9,5371,18735,1.7,2.8,759.0,10289,3310,0,0
SUP-008,86.7,4,14.1,3177,4168,2.8,2.3,325.0,13478,3391,6,0
SUP-014,88.6,5,13.8,8454,8926,1.8,1.8,892.0,18447,7434,4,0
SUP-005,50.0,9,21.0,821,1251,1.8,3.3,868.0,2324,1147,6,0
SUP-024,92.3,0,14.6,3234,5280,2.9,3.2,505.0,4092,2658,3,0
SUP-033,62.3,8,19.1,1098,1951,4.9,1.2,59.0,3286,615,7,0
SUP-015,68.5,13,21.0,2195,4693,2.1,3.7,1268.0,4657,1475,6,1
SUP-002,68.3,6,18.6,1101,2032,3.1,6.5,251.0,3923,654,5,1
SUP-034,64.6,6,19.6,3639,1714,1.1,7.0,429.0,8180,2980,2,0
SUP-008,86.7,4,17.7,2355,4650,1.7,5.7,608.0,5074,2829,6,0
SUP-027,69.7,11,11.6,2445,4172,1.6,3.4,429.0,10864,1325,0,0
SUP-012,94.1,12,6.9,2107,4804,6.2,2.3,1201.0,8552,2644,4,1
SUP-037,51.9,0,13.7,1060,1413,1.5,4.7,359.0,3129,732,1,0
SUP-013,79.1,12,18.9,1148,3194,3.4,2.0,362.0,6053,1310,0,0
SUP-021,85.2,12,12.7,5342,9495,1.0,3.3,602.0,7941,6045,7,0
SUP-012,94.1,12,14.2,2711,1980,1.5,5.6,871.0,3079,2307,4,0
SUP-030,81.2,10,13.7,6606,18353,2.6,1.7,885.0,33288,7007,0,0
SUP-040,80.5,1,13.1,4260,7124,3.7,2.0,781.0,11848,3285,6,1
SUP-005,50.0,9,21.3,14378,26310,3.0,5.7,140.0,57737,10520,6,1
SUP-029,53.2,7,16.9,2967,1577,2.9,2.9,444.0,10627,3287,6,1
SUP-017,74.4,3,12.8,5826,4898,3.6,5.2,288.0,24152,5278,4,0
SUP-025,86.3,11,14.7,1635,2564,2.4,8.9,374.0,3654,1607,7,1
SUP-012,94.1,12,9.8,2865,3006,1.8,2.6,389.0,14609,3824,4,0
SUP-011,64.7,6,18.8,722,1432,2.9,4.3,317.0,1983,875,4,0
SUP-004,82.0,12,14.1,5875,17597,2.3,3.4,619.0,12333,4093,3,0
SUP-031,84.5,4,8.5,1769,3417,2.8,4.9,190.0,9760,1380,6,0
SUP-027,69.7,11,21.4,1007,2271,1.4,4.5,396.0,3328,1127,0,0
SUP-018,48.4,10,21.7,1611,1395,0.4,1.0,144.0,5385,1417,0,0
SUP-011,64.7,6,12.3,3984,7492,0.8,2.8,946.0,9107,5411,4,0
SUP-029,53.2,7,19.8,6417,16983,2.8,5.7,414.0,34693,6275,6,0
SUP-036,55.0,8,23.1,1607,5414,3.2,3.1,357.0,4354,931,5,1
SUP-033,62.3,8,10.3,27141,28784,2.0,4.5,,69825,19440,7,0
SUP-009,51.8,11,17.4,3172,5305,2.1,2.2,1664.0,4749,3776,4,0
SUP-007,85.3,1,15.5,3798,9999,1.3,2.2,439.0,20369,5161,0,0
SUP-021,85.2,12,7.8,2160,3555,4.4,4.2,405.0,5483,1548,7,0
SUP-001,86.0,14,13.1,2058,5310,3.2,2.9,146.0,7166,2342,3,0
SUP-018,48.4,10,14.7,3328,5093,2.3,3.7,569.0,5336,2866,0,0
SUP-038,70.2,2,21.4,773,290,3.9,1.6,895.0,940,1020,4,0
SUP-012,94.1,12,17.5,3629,7340,4.8,4.6,735.0,19246,2324,4,0
SUP-003,90.5,2,18.8,4421,14555,1.7,5.7,1612.0,20926,2445,5,0
SUP-030,81.2,10,9.2,815,1162,5.6,4.5,498.0,1452,550,0,0
SUP-011,64.7,6,14.8,497,1653,4.5,4.5,698.0,2077,664,4,0
SUP-027,69.7,11,13.0,3560,1567,2.9,3.5,1237.0,11323,3554,0,0
SUP-017,74.4,3,14.3,844,1042,4.0,1.0,1637.0,4122,457,4,0
SUP-026,55.3,11,19.7,2182,6786,3.5,3.7,868.0,10785,1684,6,1
SUP-008,86.7,4,12.0,2127,4155,3.6,4.4,398.0,8964,1140,6,0
SUP-021,85.2,12,10.7,1253,3986,2.7,3.0,1894.0,3875,1466,7,0
SUP-031,84.5,4,8.4,1295,2229,1.6,2.8,257.0,5480,1346,6,0
SUP-039,57.0,3,19.0,4071,10402,2.1,3.6,2106.0,7487,5684,4,0
SUP-026,55.3,11,18.9,2315,7707,3.2,0.4,207.0,4521,3143,6,0
SUP-038,70.2,2,13.5,11187,15392,3.0,6.1,721.0,28921,7883,4,0
SUP-010,68.9,12,19.5,9633,23269,2.0,6.3,1502.0,20486,9247,5,1
SUP-017,74.4,3,14.1,4628,15259,5.6,5.3,1054.0,22795,5749,4,0
SUP-020,78.5,2,17.1,4504,9177,3.8,3.3,5521.0,8350,5029,3,0
SUP-008,86.7,4,10.2,16267,38439,2.0,3.0,412.0,20966,22039,6,0
SUP-025,86.3,11,12.5,1763,6142,2.3,5.5,1012.0,8003,1227,7,0
SUP-021,85.2,12,16.1,4398,9217,0.4,5.7,262.0,14381,4303,7,1
SUP-004,82.0,12,4.4,2662,2183,3.8,5.5,830.0,3112,3192,3,0
SUP-032,96.3,11,15.5,1271,4403,3.9,3.3,908.0,3524,1353,2,0
SUP-011,64.7,6,15.1,922,3043,4.1,7.3,172.0,4792,1217,4,0
SUP-006,96.7,10,10.6,6014,17840,4.4,5.3,472.0,20123,4091,4,0
SUP-033,62.3,8,21.5,6731,16879,3.6,4.3,2037.0,26802,3877,7,1
SUP-021,85.2,12,15.9,4089,14171,1.9,3.3,1576.0,15687,4636,7,0
SUP-003,90.5,2,6.7,6051,11734,2.1,1.2,890.0,11491,7838,5,0
SUP-033,62.3,8,20.3,1899,4282,1.6,2.3,373.0,5533,1063,7,1
SUP-001,86.0,14,13.7,15928,49267,0.3,6.1,591.0,46079,15252,3,0
SUP-035,69.9,7,12.1,2634,8565,3.5,1.9,1485.0,2447,2633,3,0
SUP-025,86.3,11,2.3,2074,2297,2.1,3.2,456.0,9768,2115,7,0
SUP-005,50.0,9,16.3,6365,5295,5.4,3.4,250.0,13453,8344,6,1
SUP-028,47.3,9,23.5,2192,3863,3.8,5.0,844.0,3580,2620,1,0
SUP-038,70.2,2,14.8,6246,17827,2.2,3.9,1309.0,19207,7093,4,0
SUP-014,88.6,5,14.0,865,2300,2.5,2.9,182.0,4551,698,4,0
SUP-034,64.6,6,20.8,7460,14929,1.0,4.3,652.0,18079,6491,2,0
SUP-003,90.5,2,9.6,680,1286,5.6,4.1,344.0,2217,461,5,0
SUP-008,86.7,4,13.3,3016,8608,4.5,2.8,523.0,3272,3952,6,0
SUP-006,96.7,10,11.2,4659,8693,0.9,3.3,1004.0,26756,4632,4,0
SUP-016,57.0,4,16.9,1093,1111,4.0,5.6,539.0,1574,569,2,1
SUP-003,90.5,2,11.2,3347,6441,3.5,3.0,448.0,19941,2240,5,0
SUP-034,64.6,6,12.9,1346,3590,2.7,6.8,123.0,7013,1875,2,0
SUP-005,50.0,9,20.8,7339,15526,1.4,0.7,834.0,25259,6479,6,0
SUP-024,92.3,0,15.3,7527,5823,1.6,3.1,510.0,43147,9798,3,0
SUP-029,53.2,7,23.6,2872,6472,4.2,2.3,130.0,7103,1600,6,1
SUP-028,47.3,9,15.6,3065,775,3.2,4.9,274.0,10450,1618,1,1
SUP-037,51.9,0,14.8,8316,13918,0.8,3.4,199.0,6920,6281,1,0
SUP-039,57.0,3,18.2,5667,15600,4.6,4.8,1267.0,12890,2911,4,0
SUP-010,68.9,12,8.8,9302,27649,0.7,3.3,353.0,8741,11594,5,0
SUP-025,86.3,11,15.7,949,234,1.8,3.0,434.0,2366,1136,7,1
SUP-008,86.7,4,11.1,2382,6322,3.5,3.0,315.0,6020,2267,6,0
SUP-011,64.7,6,18.1,839,1209,1.4,2.9,659.0,1721,650,4,0
SUP-023,96.4,12,7.9,2488,4956,1.1,3.6,222.0,13751,3041,2,0
SUP-030,81.2,10,14.9,7863,12480,2.2,1.6,622.0,45510,9252,0,0
SUP-019,88.9,9,10.9,2584,5502,4.3,6.1,109.0,12687,2105,2,0
SUP-025,86.3,11,16.4,11019,14399,0.6,1.7,181.0,53478,6558,7,1
SUP-016,57.0,4,18.7,6782,22303,0.6,2.7,457.0,26185,6913,2,0
SUP-038,70.2,2,18.7,6867,13756,0.2,3.7,473.0,37489,4870,4,0
SUP-008,86.7,4,8.5,5588,4804,5.7,0.7,3412.0,25314,6566,6,0
SUP-020,78.5,2,19.5,3280,817,4.8,1.5,519.0,14252,3453,3,1
SUP-039,57.0,3,13.3,5932,19100,1.8,1.0,401.0,11267,6567,4,0
SUP-039,57.0,3,12.0,2075,6339,3.8,2.1,5614.0,10528,2713,4,0
SUP-002,68.3,6,17.9,1153,2059,0.6,4.7,1874.0,2180,1286,5,1
SUP-040,80.5,1,16.9,2357,1343,2.5,3.3,855.0,9312,2873,6,0
SUP-028,47.3,9,20.6,1400,3620,1.3,1.0,881.0,4135,1101,1,0
SUP-008,86.7,4,12.7,2617,7738,1.7,2.5,295.0,10779,1987,6,0
SUP-028,47.3,9,13.0,1485,3809,2.7,0.7,469.0,8528,1502,1,0
SUP-005,50.0,9,15.6,4600,5239,2.4,4.3,531.0,10204,5477,6,1
SUP-031,84.5,4,13.7,6341,6594,3.5,3.7,354.0,6108,6750,6,1
SUP-031,84.5,4,18.7,3221,8692,3.2,2.6,526.0,11565,2989,6,0
SUP-032,96.3,11,14.0,2462,1120,2.4,5.4,341.0,3789,3225,2,0
SUP-002,68.3,6,20.1,3026,5145,5.8,2.1,1071.0,4922,1922,5,0
SUP-012,94.1,12,11.8,511,1097,1.4,4.0,416.0,890,523,4,0
SUP-029,53.2,7,15.7,14603,21082,1.1,2.6,412.0,81451,15971,6,1
SUP-031,84.5,4,15.1,3951,9492,3.8,1.5,440.0,23382,4898,6,0
SUP-022,63.8,2,20.8,5565,6571,1.3,1.6,851.0,13079,7166,1,0
SUP-028,47.3,9,19.7,3223,8497,4.7,4.9,781.0,18155,4169,1,1
SUP-024,92.3,0,11.7,2955,1592,7.0,2.0,780.0,13712,3836,3,0
SUP-024,92.3,0,10.9,2714,880,2.7,2.1,1821.0,12567,2070,3,0
SUP-017,74.4,3,16.2,2175,5641,3.2,3.1,287.0,8563,1544,4,0
SUP-015,68.5,13,19.5,643,694,4.7,1.7,385.0,2524,545,6,0
SUP-025,86.3,11,14.8,2550,2217,0.7,3.3,395.0,6929,1727,7,0
SUP-039,57.0,3,14.0,4351,8667,3.6,3.4,1146.0,12415,3786,4,0
SUP-032,96.3,11,9.9,3840,11119,0.6,3.2,112.0,22613,3500,2,0
SUP-001,86.0,14,14.6,2154,7093,3.7,3.9,434.0,2613,1983,3,0
SUP-020,78.5,2,5.8,2847,1902,3.8,4.0,165.0,3543,1881,3,0
SUP-022,63.8,2,19.4,951,2058,2.1,3.8,588.0,4357,645,1,0
SUP-019,88.9,9,9.7,2936,8048,1.2,3.7,1563.0,6622,3235,2,0
SUP-021,85.2,12,13.0,937,290,0.5,3.0,901.0,5042,1134,7,1
SUP-040,80.5,1,9.5,4994,17207,3.3,2.3,1043.0,26793,6759,6,0
SUP-027,69.7,11,18.9,1887,5630,3.3,3.3,390.0,8884,1816,0,0
SUP-004,82.0,12,17.3,1794,2855,5.6,3.0,1183.0,2937,2126,3,0
SUP-007,85.3,1,17.0,1446,1467,2.1,3.6,1601.0,7411,1661,0,0
SUP-007,85.3,1,16.2,2621,5803,0.9,4.8,895.0,5869,2433,0,0
SUP-003,90.5,2,11.3,2456,1507,2.8,0.5,849.0,12312,1943,5,0
SUP-021,85.2,12,15.3,5033,12418,2.1,1.3,158.0,7562,3636,7,0
SUP-010,68.9,12,20.4,4532,8544,4.9,1.0,1033.0,18909,2616,5,1
SUP-004,82.0,12,20.1,742,1313,1.8,1.2,1278.0,3689,485,3,0
SUP-037,51.9,0,22.4,6944,6137,3.7,2.0,1173.0,32259,7699,1,0
SUP-011,64.7,6,17.6,5158,9321,5.4,0.5,893.0,13967,6036,4,0
SUP-016,57.0,4,19.8,4413,8316,2.1,3.2,225.0,9228,5135,2,0
SUP-028,47.3,9,17.6,4141,14448,2.8,0.3,1434.0,4264,3565,1,1
SUP-014,88.6,5,12.2,1573,4999,2.6,3.3,433.0,1293,1983,4,0
SUP-005,50.0,9,28.2,2040,3213,0.8,2.0,750.0,8003,2137,6,0
SUP-002,68.3,6,10.1,7384,25474,1.4,7.0,1224.0,24364,4137,5,1
SUP-037,51.9,0,15.7,6814,3237,2.0,2.3,1133.0,21868,4505,1,1
SUP-008,86.7,4,16.5,2550,3505,2.2,5.3,54.0,7963,1984,6,0
SUP-013,79.1,12,8.6,3264,1886,0.7,4.4,1328.0,16597,4130,0,0
SUP-026,55.3,11,19.5,2846,5837,4.7,6.4,851.0,7801,1837,6,0
SUP-031,84.5,4,14.0,10621,35124,2.8,3.7,488.0,15160,13876,6,1
SUP-022,63.8,2,14.2,7715,9789,6.6,2.7,237.0,25420,10648,1,0
SUP-023,96.4,12,12.0,2851,4632,4.9,0.8,438.0,6248,1782,2,0
SUP-027,69.7,11,7.2,11688,9496,4.1,3.9,513.0,43999,15448,0,0
SUP-028,47.3,9,22.0,2564,8853,2.7,5.1,179.0,11669,1306,1,1
SUP-014,88.6,5,16.4,1551,5005,3.5,3.4,846.0,8521,1728,4,0
SUP-019,88.9,9,5.3,2864,3095,2.4,2.3,360.0,2769,2262,2,0
SUP-024,92.3,0,17.9,1624,888,0.4,3.7,249.0,2613,1585,3,0
SUP-022,63.8,2,20.6,1207,3977,1.1,3.0,536.0,1943,1404,1,0
SUP-031,84.5,4,14.6,8060,26045,2.4,2.9,360.0,23195,8749,6,0
SUP-028,47.3,9,18.5,3120,3384,2.4,2.9,111.0,17852,2637,1,0
SUP-031,84.5,4,17.3,991,1920,5.0,1.8,595.0,5179,1046,6,0
SUP-025,86.3,11,14.0,1020,1466,1.5,1.1,780.0,1016,778,7,0
SUP-016,57.0,4,21.7,626,1719,1.4,1.1,478.0,2536,605,2,0
SUP-028,47.3,9,17.1,21661,11347,5.6,4.2,489.0,59090,23006,1,1
SUP-029,53.2,7,14.6,4819,13840,5.3,2.1,596.0,21408,6296,6,0
SUP-013,79.1,12,17.7,1496,1098,2.1,3.6,817.0,4777,1022,0,0
SUP-040,80.5,1,15.6,1162,246,1.0,6.5,1120.0,6955,832,6,1
SUP-017,74.4,3,4.5,6998,16538,1.0,3.1,951.0,18367,9256,4,0
SUP-017,74.4,3,6.1,3895,8687,2.7,6.1,242.0,18068,4242,4,0
SUP-026,55.3,11,16.6,3269,10987,5.4,2.9,1002.0,12549,3632,6,1
SUP-013,79.1,12,16.5,6082,1355,4.8,2.2,226.0,6485,6282,0,0
SUP-027,69.7,11,14.0,5670,15532,1.9,2.5,141.0,29032,6331,0,0
SUP-017,74.4,3,17.9,60000,153150,2.2,5.5,879.0,63987,45562,4,1
SUP-021,85.2,12,13.4,2903,9024,3.0,1.8,140.0,5090,3693,7,0
SUP-008,86.7,4,17.7,931,2768,5.8,1.1,457.0,4141,650,6,0
SUP-021,85.2,12,13.6,690,740,2.4,3.2,539.0,861,870,7,1
SUP-016,57.0,4,23.1,4339,4323,2.1,4.8,140.0,5331,4108,2,1
SUP-026,55.3,11,18.2,3006,843,0.7,4.6,138.0,4397,2119,6,1
SUP-002,68.3,6,11.6,934,2850,4.5,3.2,321.0,2618,481,5,0
SUP-010,68.9,12,15.9,22913,27186,2.6,4.0,1823.0,88665,19642,5,1
SUP-018,48.4,10,13.6,1640,3802,2.2,7.4,361.0,3707,2247,0,0
SUP-014,88.6,5,14.7,3793,8976,3.0,1.9,454.0,3034,3293,4,0
SUP-039,57.0,3,21.3,10659,15436,6.0,2.2,497.0,25266,11827,4,0
SUP-006,96.7,10,6.3,7949,14258,6.0,3.8,1645.0,25224,6738,4,0
SUP-022,63.8,2,17.2,5874,7759,2.3,3.9,590.0,12330,5725,1,1
SUP-030,81.2,10,13.1,2336,4612,2.2,4.3,392.0,1902,1967,0,0
SUP-034,64.6,6,9.9,3307,8344,2.9,4.7,352.0,16173,3090,2,0
SUP-030,81.2,10,14.1,2822,4074,0.4,1.3,358.0,11059,3846,0,0
SUP-017,74.4,3,22.0,5464,4649,2.9,1.5,326.0,8955,6363,4,0
SUP-003,90.5,2,15.3,3341,1245,5.5,4.6,320.0,9017,4580,5,0
SUP-007,85.3,1,12.9,4108,971,2.1,2.8,196.0,11623,5523,0,0
SUP-003,90.5,2,9.6,3435,5645,1.0,3.4,771.0,14167,3483,5,0
SUP-016,57.0,4,15.3,7401,14633,4.1,3.4,1953.0,29627,8851,2,0
SUP-022,63.8,2,19.1,1432,3398,4.7,3.9,763.0,2556,1479,1,0
SUP-010,68.9,12,19.8,2321,6049,2.2,5.4,2740.0,13661,2143,5,0
SUP-014,88.6,5,12.9,4201,10054,4.5,1.9,1247.0,4095,3142,4,0
SUP-002,68.3,6,24.0,2710,2546,2.7,3.5,518.0,8701,2328,5,1
SUP-021,85.2,12,19.6,4536,13455,6.8,2.5,396.0,15631,5133,7,1
SUP-011,64.7,6,23.1,10287,17688,2.0,1.6,594.0,56826,7182,4,0
SUP-009,51.8,11,20.5,2084,6969,1.3,7.2,268.0,1704,1441,4,0
SUP-033,62.3,8,17.1,3044,8527,1.0,5.4,1431.0,7698,3089,7,1
SUP-036,55.0,8,20.0,11671,26813,3.8,4.7,409.0,41318,12249,5,0
SUP-008,86.7,4,14.4,5247,7559,3.2,3.5,1158.0,7829,4870,6,0
SUP-005,50.0,9,15.0,6673,10258,4.1,6.9,808.0,32860,6276,6,1
SUP-019,88.9,9,8.2,1612,3214,1.7,3.1,772.0,3058,1922,2,0
SUP-016,57.0,4,21.7,1753,2761,3.2,8.6,276.0,1872,2348,2,0
SUP-001,86.0,14,18.5,7090,7784,0.7,2.4,808.0,40220,9091,3,0
SUP-006,96.7,10,10.4,1854,1466,2.6,5.1,401.0,10163,2594,4,0
SUP-010,68.9,12,20.0,1597,1976,0.4,4.8,479.0,8231,1508,5,1
SUP-030,81.2,10,15.4,2369,3226,2.2,3.4,337.0,10733,2367,0,0
SUP-037,51.9,0,21.8,844,189,3.3,3.4,1125.0,4474,723,1,1
SUP-008,86.7,4,21.7,3230,7466,2.3,5.6,149.0,14187,1901,6,0
SUP-039,57.0,3,20.3,8660,20998,1.0,3.9,358.0,37258,9090,4,0
SUP-002,68.3,6,15.6,953,2024,2.1,1.1,265.0,4164,1258,5,0
SUP-030,81.2,10,14.1,3335,4767,3.1,2.1,464.0,14174,4399,0,0
SUP-002,68.3,6,18.0,2818,4704,0.3,6.8,908.0,7153,1829,5,1
SUP-032,96.3,11,17.4,731,1323,1.7,5.5,1863.0,3643,715,2,0
SUP-029,53.2,7,14.8,1724,5989,0.3,3.9,1767.0,7841,1258,6,1
SUP-019,88.9,9,13.4,4356,2820,1.0,0.9,826.0,10953,3719,2,0
SUP-010,68.9,12,19.9,976,1533,2.2,4.6,868.0,2734,585,5,0
SUP-001,86.0,14,15.9,1239,268,4.0,4.9,729.0,3098,965,3,1
SUP-013,79.1,12,8.3,4494,9852,3.8,1.1,935.0,21140,3728,0,0
SUP-005,50.0,9,22.2,6673,8504,4.4,3.2,137.0,15018,4266,6,1
SUP-019,88.9,9,16.7,5535,6843,2.8,3.8,553.0,19878,4460,2,0
SUP-014,88.6,5,16.2,7283,23318,2.7,5.0,469.0,7753,6289,4,0
SUP-029,53.2,7,15.1,3477,11440,0.9,6.3,543.0,15142,1896,6,1
SUP-013,79.1,12,11.0,5173,6411,1.1,2.7,348.0,11545,3056,0,0
SUP-040,80.5,1,12.0,1608,4508,2.1,5.0,1661.0,8218,1002,6,0
SUP-010,68.9,12,14.2,2532,2081,1.2,5.3,305.0,11499,1835,5,0
SUP-026,55.3,11,20.2,987,1761,4.6,3.0,203.0,5909,595,6,1
SUP-010,68.9,12,16.5,5873,10164,6.1,7.9,2057.0,25573,8021,5,1
SUP-014,88.6,5,10.0,1766,1445,3.6,2.9,671.0,1467,2425,4,0
SUP-040,80.5,1,2.0,9633,21916,2.7,3.7,1532.0,26103,13449,6,0
SUP-009,51.8,11,14.8,1890,4779,2.5,3.9,,7101,1487,4,1
SUP-021,85.2,12,11.1,2865,674,0.6,1.6,792.0,5457,3300,7,0
SUP-024,92.3,0,9.7,1650,449,1.0,1.2,259.0,1789,1119,3,0
SUP-016,57.0,4,20.4,2615,3858,4.3,5.2,594.0,6038,1321,2,0
SUP-008,86.7,4,17.4,7376,10840,1.0,5.0,977.0,43021,3817,6,0
SUP-019,88.9,9,16.9,10121,26442,0.8,4.4,434.0,10209,7958,2,0
SUP-019,88.9,9,15.8,1825,742,3.8,4.3,160.0,6017,1530,2,1
SUP-008,86.7,4,11.0,2400,1401,3.4,4.3,137.0,13534,1436,6,0
SUP-015,68.5,13,14.5,5351,3165,7.1,2.3,519.0,30354,6984,6,0
SUP-039,57.0,3,17.4,2170,2495,1.1,1.0,1230.0,12176,1867,4,0
SUP-033,62.3,8,17.5,2179,5734,3.7,6.1,474.0,5536,2518,7,1
SUP-033,62.3,8,9.7,1615,4357,1.2,1.7,254.0,9260,1642,7,0
SUP-033,62.3,8,20.4,3222,8320,7.1,3.7,239.0,13737,3129,7,1
SUP-028,47.3,9,16.7,12490,42875,3.5,0.4,195.0,37470,7151,1,1
SUP-031,84.5,4,16.7,1355,2734,1.7,1.6,,6921,1543,6,0
SUP-034,64.6,6,21.5,1665,4835,3.3,1.4,275.0,8407,2147,2,0
SUP-033,62.3,8,17.9,6188,16302,1.7,1.4,697.0,33891,6805,7,0
SUP-008,86.7,4,20.6,3605,838,0.9,2.2,319.0,14199,2273,6,1
SUP-010,68.9,12,20.2,7290,5011,0.6,2.7,921.0,36769,3889,5,1
SUP-028,47.3,9,17.2,8401,29272,2.3,3.4,1528.0,44424,8177,1,0
SUP-016,57.0,4,14.5,1621,501,1.2,2.0,555.0,8018,1014,2,0
SUP-011,64.7,6,19.2,1540,2416,1.4,8.1,269.0,8098,1055,4,0
SUP-006,96.7,10,18.3,3770,5774,4.0,1.4,413.0,15726,3749,4,0
SUP-013,79.1,12,16.2,1640,1585,7.3,1.5,184.0,1561,1331,0,1
SUP-018,48.4,10,22.7,4758,4337,5.3,3.8,152.0,9670,4162,0,1
SUP-004,82.0,12,13.3,4738,5646,1.5,2.4,439.0,10304,4102,3,0
SUP-034,64.6,6,21.2,2912,880,2.0,5.8,292.0,5410,2950,2,1
SUP-007,85.3,1,21.0,8263,16798,0.8,7.1,353.0,41072,11008,0,0
SUP-007,85.3,1,13.7,10367,17897,2.9,2.1,1301.0,33866,7554,0,0
SUP-010,68.9,12,13.8,2830,6762,1.5,1.4,121.0,16639,1586,5,0
SUP-002,68.3,6,16.3,2505,6890,4.2,4.3,2365.0,2878,2667,5,0
SUP-005,50.0,9,15.5,12214,24787,1.8,3.0,134.0,36189,13138,6,0
SUP-031,84.5,4,9.4,17587,8609,6.5,1.5,1153.0,85967,15243,6,0
SUP-040,80.5,1,18.0,2538,806,3.3,3.7,467.0,14340,3149,6,1
SUP-038,70.2,2,9.6,1035,797,0.5,4.7,391.0,902,878,4,0
SUP-024,92.3,0,11.4,1910,877,3.3,4.1,972.0,4954,2178,3,1
SUP-034,64.6,6,9.4,10889,15527,3.9,2.7,706.0,33104,5804,2,0
SUP-036,55.0,8,16.9,2782,5579,0.3,5.9,817.0,3530,2097,5,1
SUP-022,63.8,2,15.8,3612,12007,2.8,3.9,338.0,10308,4079,1,0
SUP-010,68.9,12,16.4,717,621,2.6,3.7,143.0,3263,424,5,1
SUP-040,80.5,1,17.8,861,1557,6.2,3.4,512.0,2906,1029,6,0
SUP-006,96.7,10,6.8,2908,5592,1.1,2.0,509.0,13104,2624,4,0
SUP-020,78.5,2,9.4,1691,2734,1.8,3.8,427.0,4492,2234,3,0
SUP-040,80.5,1,17.5,13715,29881,2.6,1.0,489.0,41107,9493,6,0
SUP-015,68.5,13,13.7,1575,613,1.9,5.7,151.0,4333,1542,6,0
SUP-018,48.4,10,20.1,4030,13631,2.4,5.2,410.0,5199,5160,0,0
SUP-003,90.5,2,11.6,1450,338,3.5,2.3,754.0,3231,1464,5,0
SUP-029,53.2,7,11.7,3937,2324,3.1,6.9,457.0,6476,3769,6,1
SUP-033,62.3,8,16.5,5063,5038,1.4,2.6,2006.0,14824,5705,7,0
SUP-026,55.3,11,16.7,1064,2832,0.5,4.2,2689.0,5369,632,6,0
SUP-002,68.3,6,12.8,19626,12329,1.0,0.4,188.0,107204,12573,5,0
SUP-039,57.0,3,23.4,4523,8620,1.2,6.0,478.0,17881,3758,4,1
SUP-029,53.2,7,23.0,4620,9860,1.9,5.3,186.0,18925,4425,6,0
SUP-001,86.0,14,16.5,2860,5678,3.6,1.8,1003.0,14828,2699,3,0
SUP-007,85.3,1,13.5,2935,8618,0.6,2.9,344.0,16790,2703,0,0
SUP-006,96.7,10,7.6,3701,1604,2.4,3.8,245.0,11472,3797,4,1
SUP-016,57.0,4,16.4,4837,6948,5.9,3.1,633.0,9273,4525,2,0
SUP-001,86.0,14,14.0,7965,20607,4.1,2.1,427.0,43508,8552,3,0
SUP-030,81.2,10,17.3,2205,1125,2.3,8.8,601.0,5675,2453,0,0
SUP-017,74.4,3,16.7,2746,6222,6.5,2.7,2457.0,13540,2207,4,1
SUP-020,78.5,2,17.8,1077,1215,0.6,6.0,444.0,3187,1405,3,0
SUP-032,96.3,11,17.2,981,934,4.2,2.3,569.0,3406,1071,2,1
SUP-030,81.2,10,10.5,12967,6723,3.0,1.6,562.0,17495,8791,0,0
SUP-003,90.5,2,13.6,8393,15422,2.6,1.6,251.0,7783,5432,5,0
SUP-009,51.8,11,20.9,747,2329,1.4,5.6,588.0,3561,535,4,0
SUP-011,64.7,6,13.8,3383,6845,5.4,1.6,682.0,14005,2992,4,1
SUP-020,78.5,2,17.9,4667,12920,0.9,3.0,607.0,19507,4747,3,0
SUP-033,62.3,8,13.3,847,2439,3.5,1.1,453.0,894,769,7,0
SUP-002,68.3,6,15.2,896,2326,1.1,7.2,262.0,1405,871,5,0
SUP-004,82.0,12,12.5,1205,648,1.6,3.7,1270.0,6422,995,3,0
SUP-026,55.3,11,18.3,6123,7509,2.0,8.5,289.0,14217,7951,6,1
SUP-007,85.3,1,10.8,4855,3915,4.3,3.8,3094.0,4341,3407,0,0
SUP-012,94.1,12,15.7,612,1634,1.5,1.6,1090.0,2609,418,4,0
SUP-003,90.5,2,14.0,2426,4764,5.4,5.1,322.0,4572,1942,5,0
SUP-035,69.9,7,16.6,1447,3007,2.4,5.8,337.0,7882,1218,3,0
SUP-006,96.7,10,13.6,1768,587,4.4,2.5,86.0,4896,1769,4,0
SUP-034,64.6,6,13.1,7475,7343,2.0,4.7,846.0,8425,9468,2,1
SUP-017,74.4,3,13.8,1235,3651,1.3,5.4,484.0,6895,685,4,0
SUP-026,55.3,11,20.8,940,1806,1.3,5.1,442.0,2692,964,6,0
SUP-007,85.3,1,15.0,3737,7160,4.9,6.3,160.0,4672,2769,0,0
SUP-028,47.3,9,20.9,1951,1917,3.9,4.8,486.0,7221,1542,1,1
SUP-003,90.5,2,19.7,3627,9458,1.0,4.5,331.0,17480,2963,5,0
SUP-025,86.3,11,6.2,4169,10862,4.3,4.5,,15647,4081,7,1
SUP-035,69.9,7,13.1,1165,2313,5.1,6.9,917.0,4681,1263,3,0
SUP-011,64.7,6,16.1,1593,4334,2.9,1.5,1567.0,7732,2069,4,0
SUP-001,86.0,14,2.6,2868,8419,2.1,5.1,736.0,12801,2430,3,0
SUP-003,90.5,2,15.9,23342,69028,7.7,5.6,1092.0,29467,12170,5,1
SUP-008,86.7,4,14.8,5255,17504,5.3,2.1,664.0,30974,3193,6,0
SUP-003,90.5,2,19.1,956,861,3.4,3.8,847.0,3040,1192,5,0
SUP-016,57.0,4,18.6,2862,2457,3.1,2.3,269.0,9253,2088,2,0
SUP-034,64.6,6,17.2,2336,2600,2.7,1.7,360.0,10199,2982,2,0
SUP-033,62.3,8,17.8,5619,1370,3.7,5.3,820.0,27228,3694,7,1
SUP-036,55.0,8,17.2,3927,11119,1.6,4.5,745.0,5525,3993,5,1
SUP-013,79.1,12,10.7,6528,19228,4.9,3.5,779.0,22556,6947,0,1
SUP-035,69.9,7,15.7,2817,1988,1.4,3.3,446.0,15372,1667,3,1
SUP-032,96.3,11,16.5,2090,595,4.7,3.3,1030.0,10967,1736,2,1
SUP-019,88.9,9,12.7,4028,8130,4.1,2.7,630.0,12076,5608,2,0
SUP-022,63.8,2,23.6,15911,33940,2.8,2.5,189.0,50334,19009,1,0
SUP-018,48.4,10,18.1,6910,11107,1.4,2.4,1150.0,16044,6845,0,1
SUP-004,82.0,12,11.0,2384,2451,1.7,4.5,739.0,9871,1892,3,0
SUP-020,78.5,2,13.9,2101,6074,1.6,1.9,494.0,9411,1531,3,0
SUP-009,51.8,11,19.2,4911,8111,2.1,2.4,378.0,26845,6368,4,1
SUP-003,90.5,2,14.8,3642,10446,5.7,3.7,1992.0,13656,4707,5,0
SUP-010,68.9,12,19.2,2562,3194,2.8,3.4,3150.0,14114,1922,5,1
SUP-031,84.5,4,10.8,1163,2822,2.2,2.3,574.0,5058,659,6,0
SUP-023,96.4,12,12.6,1876,2161,2.3,3.0,1892.0,11012,1902,2,0
SUP-009,51.8,11,18.9,1900,6268,1.2,1.3,759.0,4311,2198,4,1
SUP-038,70.2,2,17.3,994,3463,4.6,2.8,357.0,4090,772,4,0
SUP-009,51.8,11,15.8,1481,2696,1.2,5.3,240.0,2651,1101,4,1
SUP-016,57.0,4,18.9,6506,8974,2.6,1.8,735.0,18939,5616,2,0
SUP-008,86.7,4,14.9,24073,54094,3.2,4.0,590.0,75372,32529,6,1
SUP-020,78.5,2,13.4,2147,5811,0.6,2.6,433.0,4292,2823,3,0
SUP-038,70.2,2,13.1,7438,4389,3.2,6.0,853.0,31380,8360,4,0
SUP-019,88.9,9,15.0,1738,3793,5.4,2.1,922.0,6340,1394,2,0
SUP-016,57.0,4,22.9,4227,14740,5.9,4.9,309.0,19998,3121,2,0
SUP-009,51.8,11,20.1,1183,1469,0.4,5.2,184.0,6891,1046,4,0
SUP-023,96.4,12,14.3,2926,829,2.1,3.0,975.0,6505,1877,2,0
SUP-022,63.8,2,21.0,3055,10307,0.6,1.4,166.0,11175,3172,1,0
SUP-027,69.7,11,20.6,3043,7813,5.0,1.6,401.0,17460,3353,0,1
SUP-008,86.7,4,15.8,1317,3955,2.2,7.7,1327.0,1086,1669,6,0
SUP-024,92.3,0,10.8,7273,5894,3.0,4.0,2793.0,30744,3934,3,0
SUP-039,57.0,3,21.3,1729,4279,3.6,1.0,3801.0,5420,1469,4,0
SUP-014,88.6,5,18.3,3242,11218,0.4,3.6,290.0,11585,2770,4,0
SUP-030,81.2,10,16.5,940,2527,2.4,2.9,724.0,3833,761,0,0
SUP-032,96.3,11,16.4,1318,2266,1.9,1.6,395.0,4794,790,2,0
SUP-019,88.9,9,16.7,2663,7793,5.1,1.0,344.0,14540,1667,2,0
SUP-012,94.1,12,18.3,3755,5791,1.7,4.1,1697.0,17015,5234,4,0
SUP-036,55.0,8,13.6,4240,2036,4.4,5.0,1203.0,9172,2707,5,1
SUP-026,55.3,11,19.7,1909,5690,2.2,8.0,402.0,7903,1696,6,1
SUP-038,70.2,2,21.7,7994,10081,1.7,1.8,521.0,12122,7727,4,0
SUP-029,53.2,7,22.8,485,1096,1.1,5.7,338.0,2530,539,6,0
SUP-030,81.2,10,15.3,1603,3186,2.1,1.8,1094.0,4200,1888,0,0
SUP-011,64.7,6,10.5,15785,24800,2.3,1.2,2098.0,42827,20650,4,0
SUP-018,48.4,10,20.2,3927,9566,3.4,4.9,242.0,17962,3967,0,0
SUP-006,96.7,10,8.7,1774,1180,4.6,3.9,467.0,7018,1378,4,0
SUP-018,48.4,10,15.5,1600,2612,5.5,6.6,204.0,8229,2013,0,1
SUP-031,84.5,4,16.7,1645,4839,2.7,3.6,546.0,7872,2294,6,0
SUP-038,70.2,2,10.6,2050,5656,1.5,1.5,359.0,5083,2066,4,0
SUP-027,69.7,11,18.6,1422,1313,2.4,1.0,247.0,4673,1004,0,0
SUP-028,47.3,9,19.9,7252,22487,2.1,4.2,478.0,40168,5696,1,1
SUP-027,69.7,11,18.8,1812,6105,1.2,3.8,569.0,6232,1719,0,0
SUP-017,74.4,3,18.0,484,1280,1.8,3.1,151.0,1427,332,4,0
SUP-013,79.1,12,18.2,6436,9064,2.8,2.5,943.0,6578,5407,0,0
SUP-032,96.3,11,10.1,3595,3928,2.3,3.8,648.0,9684,2814,2,1
SUP-010,68.9,12,12.5,6866,14510,0.8,0.4,481.0,17925,4935,5,0
SUP-016,57.0,4,11.3,1525,3596,4.9,2.3,225.0,8910,2113,2,0
SUP-010,68.9,12,16.4,13509,22116,2.4,5.4,1626.0,20221,11645,5,1
SUP-025,86.3,11,17.5,4292,10676,2.0,2.9,294.0,16905,3449,7,1
SUP-004,82.0,12,18.4,2506,3016,2.5,1.3,377.0,9549,3343,3,0
SUP-011,64.7,6,19.8,6382,11163,2.9,0.9,141.0,6084,6335,4,0
SUP-018,48.4,10,21.8,1208,1657,5.8,1.8,618.0,1592,675,0,0
SUP-020,78.5,2,16.4,7493,11715,3.7,5.7,472.0,15539,7031,3,0
SUP-001,86.0,14,10.2,6973,15797,6.6,5.1,222.0,12782,5665,3,0
SUP-040,80.5,1,7.8,6356,13220,2.2,5.7,232.0,15264,7820,6,0
SUP-007,85.3,1,10.7,1804,4731,3.8,4.7,697.0,9581,2133,0,0
SUP-016,57.0,4,13.7,3338,11618,3.0,2.8,394.0,16071,2922,2,0
SUP-005,50.0,9,21.8,14265,4907,2.2,8.5,1215.0,74909,13452,6,1
SUP-036,55.0,8,13.8,3117,7465,1.8,4.3,1520.0,13599,2297,5,1
SUP-026,55.3,11,17.7,2588,6655,2.9,2.1,937.0,11852,1366,6,0
SUP-040,80.5,1,21.8,713,2326,2.6,1.9,1221.0,1840,768,6,0
SUP-032,96.3,11,12.7,5377,17308,4.0,6.0,544.0,12005,6198,2,0
SUP-026,55.3,11,14.0,1498,1348,1.3,6.6,1072.0,1440,1919,6,1
SUP-027,69.7,11,11.7,1332,1176,1.9,3.3,1023.0,7518,1150,0,0
SUP-002,68.3,6,18.8,1071,1874,3.5,2.5,2885.0,1954,1200,5,0
SUP-026,55.3,11,14.3,1182,2870,1.1,4.0,2737.0,1908,1177,6,1
SUP-029,53.2,7,14.0,1597,2731,1.2,3.8,775.0,6503,1534,6,1
SUP-019,88.9,9,15.4,6778,20345,2.4,2.8,240.0,22074,6499,2,0
SUP-034,64.6,6,16.3,1824,5984,2.6,6.4,353.0,9808,1907,2,0
SUP-037,51.9,0,17.9,2569,4988,3.9,5.2,641.0,10721,2904,1,0
SUP-024,92.3,0,12.0,4403,5152,1.5,4.4,850.0,4747,3878,3,0
SUP-008,86.7,4,16.7,13899,30771,,4.4,2168.0,82432,8055,6,0
SUP-028,47.3,9,16.2,6904,4419,1.7,6.0,342.0,5907,6754,1,1
SUP-026,55.3,11,11.7,17177,57249,2.3,1.1,770.0,57683,20106,6,0
SUP-001,86.0,14,14.8,1379,3220,3.4,2.6,375.0,3017,1318,3,0
SUP-004,82.0,12,15.6,2597,1197,1.9,4.8,213.0,6621,3443,3,1
SUP-023,96.4,12,14.4,1716,1511,1.3,0.6,1149.0,3038,1625,2,0
SUP-006,96.7,10,8.9,5334,14631,4.1,7.0,256.0,13063,5806,4,1
SUP-018,48.4,10,12.5,2358,5871,2.0,1.8,488.0,12153,2873,0,0
SUP-027,69.7,11,11.3,2015,3144,3.7,4.2,371.0,5148,2758,0,1
SUP-036,55.0,8,17.4,1477,4927,3.4,4.9,390.0,7234,1838,5,0
SUP-028,47.3,9,25.4,3355,1739,4.4,1.6,264.0,11041,1827,1,0
SUP-014,88.6,5,15.8,6930,7007,1.7,2.2,582.0,19341,5552,4,0
SUP-032,96.3,11,15.8,1633,4784,6.1,6.4,326.0,1822,1536,2,1
SUP-018,48.4,10,14.0,2351,5380,1.7,3.3,1013.0,5403,2730,0,0
SUP-022,63.8,2,18.5,15722,30364,1.2,2.5,533.0,57984,9658,1,0
SUP-031,84.5,4,20.4,868,2669,3.0,2.6,105.0,1663,622,6,0
SUP-034,64.6,6,19.9,1292,3961,0.5,2.9,1482.0,5671,711,2,0
SUP-040,80.5,1,16.4,2313,4738,1.0,5.2,420.0,9238,1406,6,0
SUP-015,68.5,13,14.7,3161,7448,4.4,6.9,1296.0,2864,1640,6,1
SUP-027,69.7,11,14.0,3918,12095,4.7,2.7,1236.0,5375,4501,0,0
SUP-013,79.1,12,2.0,2629,1016,4.3,3.1,522.0,3018,3253,0,0
SUP-027,69.7,11,16.4,4689,1838,2.2,2.0,634.0,6827,3405,0,0
SUP-022,63.8,2,20.0,3118,5883,3.0,3.1,404.0,3376,2399,1,0
SUP-007,85.3,1,17.7,1596,5286,3.4,2.1,725.0,6526,1462,0,0
SUP-036,55.0,8,11.5,3336,11587,1.2,4.4,313.0,15643,3479,5,0
SUP-031,84.5,4,15.5,2631,8211,4.8,1.8,828.0,10139,2274,6,0
SUP-032,96.3,11,12.5,5895,17965,4.9,5.2,1217.0,34861,7075,2,0
SUP-011,64.7,6,18.0,4821,4058,4.5,1.9,728.0,27558,3157,4,0
SUP-025,86.3,11,11.0,9632,13838,1.2,3.2,1540.0,15866,7144,7,1
SUP-034,64.6,6,14.2,354,1215,3.0,4.9,435.0,904,330,2,0
SUP-032,96.3,11,9.0,2822,5626,5.4,0.7,265.0,13667,3538,2,0
SUP-011,64.7,6,17.7,1909,4101,,5.3,690.0,6520,2355,4,0
SUP-024,92.3,0,6.2,4057,2652,0.6,4.3,268.0,22576,4319,3,0
SUP-018,48.4,10,17.0,11046,5983,2.6,7.5,1171.0,24369,7201,0,1
SUP-008,86.7,4,18.0,5672,9356,4.9,7.1,130.0,18879,3970,6,1
SUP-024,92.3,0,7.8,850,382,5.4,1.8,875.0,3116,844,3,0
SUP-003,90.5,2,14.8,7179,20230,2.4,2.8,2604.0,42973,8398,5,0
SUP-025,86.3,11,14.6,1364,2169,3.9,6.3,167.0,3063,831,7,0
SUP-026,55.3,11,16.6,1136,974,5.0,3.3,2008.0,4001,1400,6,1
SUP-021,85.2,12,24.9,6224,15890,3.8,1.3,154.0,33729,6714,7,0
SUP-001,86.0,14,16.7,2415,4799,1.3,5.2,667.0,9203,2202,3,1
SUP-032,96.3,11,7.2,2728,2050,3.1,1.9,771.0,7689,3771,2,0
SUP-013,79.1,12,10.8,6754,8526,1.1,0.7,349.0,29656,9324,0,0
SUP-027,69.7,11,7.8,2086,5375,3.4,1.9,847.0,8627,2526,0,0
SUP-006,96.7,10,10.2,10377,25982,0.3,1.3,1290.0,55006,5440,4,0
SUP-022,63.8,2,14.1,4437,5483,4.7,4.5,588.0,25152,4607,1,1
SUP-020,78.5,2,9.6,2788,7909,1.7,2.2,638.0,5210,3191,3,0
SUP-018,48.4,10,27.4,5172,1141,3.1,7.4,1980.0,13579,3140,0,1
SUP-006,96.7,10,3.8,1275,1011,1.7,1.8,271.0,7000,1116,4,0
SUP-029,53.2,7,21.2,3636,4380,1.7,5.2,1505.0,19785,3196,6,1
SUP-009,51.8,11,20.2,2213,786,5.3,1.4,265.0,4281,2376,4,1
SUP-032,96.3,11,13.8,5268,8845,2.9,2.9,230.0,26692,3775,2,0
SUP-028,47.3,9,21.0,8216,11075,5.0,3.8,1076.0,38213,10979,1,0
SUP-011,64.7,6,18.8,10255,20494,3.9,6.9,378.0,22641,8153,4,0
SUP-038,70.2,2,14.0,3041,8393,4.2,2.3,166.0,14638,2555,4,0
SUP-013,79.1,12,13.0,7443,17618,3.2,4.9,461.0,36435,6445,0,0
SUP-007,85.3,1,12.9,6095,15714,2.8,4.9,271.0,31346,3985,0,0
SUP-013,79.1,12,14.7,1794,878,1.9,5.6,1209.0,9249,2312,0,0
SUP-035,69.9,7,11.9,5351,14931,1.6,3.6,884.0,22076,2716,3,0
SUP-010,68.9,12,17.6,1307,1607,3.0,4.7,775.0,1411,658,5,0
SUP-027,69.7,11,16.1,3733,4703,7.0,3.9,179.0,13478,4141,0,0
SUP-020,78.5,2,7.4,1498,2234,2.9,1.8,702.0,4481,1162,3,0
SUP-032,96.3,11,11.0,4927,2196,3.2,7.9,488.0,10151,2708,2,1
SUP-033,62.3,8,24.5,2618,3916,4.7,5.2,426.0,3402,1936,7,1
SUP-037,51.9,0,22.3,4068,8720,1.4,3.7,278.0,24139,3096,1,0
SUP-040,80.5,1,15.4,4505,1527,4.4,3.4,511.0,20172,5429,6,0
SUP-040,80.5,1,8.4,7340,7893,2.7,3.0,377.0,26531,5400,6,0
SUP-013,79.1,12,15.4,1351,1290,5.4,4.6,822.0,6390,1150,0,1
SUP-017,74.4,3,14.6,9356,23493,5.1,2.7,1002.0,52541,8118,4,0
SUP-036,55.0,8,20.5,4980,10576,5.1,2.1,433.0,16017,6869,5,1
SUP-037,51.9,0,13.1,6357,7276,5.4,2.8,1348.0,10444,8250,1,0
SUP-002,68.3,6,19.8,3165,1908,2.5,4.4,504.0,7602,3756,5,1
SUP-038,70.2,2,15.8,645,1175,3.4,2.2,671.0,3137,742,4,0
SUP-035,69.9,7,16.5,3112,4583,2.1,5.3,623.0,11344,2265,3,1
SUP-029,53.2,7,19.4,1750,2160,2.6,3.1,1198.0,9825,2370,6,1
SUP-003,90.5,2,18.6,532,1423,4.1,2.1,822.0,2618,706,5,0
SUP-038,70.2,2,14.9,8462,20573,1.8,4.2,1119.0,42396,4890,4,0
SUP-035,69.9,7,14.0,3835,4760,2.6,7.1,1897.0,5655,4315,3,0
SUP-039,57.0,3,16.0,5950,12233,4.6,7.4,486.0,19617,3324,4,0
SUP-009,51.8,11,13.8,2329,6997,0.5,1.6,340.0,10598,1865,4,0
SUP-016,57.0,4,22.9,498,445,6.1,1.2,378.0,2910,369,2,0
SUP-039,57.0,3,18.3,873,1609,2.2,3.6,487.0,4734,1123,4,1
SUP-016,57.0,4,14.2,4297,4706,5.5,1.7,1091.0,10576,4674,2,1
SUP-035,69.9,7,15.0,1887,6089,2.0,1.4,366.0,4991,2399,3,0
SUP-038,70.2,2,12.7,5655,7986,2.0,1.6,499.0,26475,5779,4,0
SUP-018,48.4,10,15.6,6086,5908,2.9,3.5,351.0,18225,7252,0,0
SUP-035,69.9,7,20.3,799,1899,3.0,3.2,617.0,4291,742,3,0
SUP-013,79.1,12,8.8,28511,43580,0.9,1.7,,56631,14796,0,0
SUP-024,92.3,0,10.6,1674,4991,2.3,1.7,691.0,9959,1554,3,0
SUP-036,55.0,8,17.5,675,718,1.3,5.8,620.0,2740,573,5,0
SUP-025,86.3,11,15.8,5519,8282,0.8,2.0,169.0,32127,5637,7,0
SUP-018,48.4,10,14.6,874,1121,2.9,4.4,382.0,2583,1128,0,0
SUP-014,88.6,5,14.2,5832,6004,3.7,4.5,253.0,13750,7784,4,0
SUP-006,96.7,10,11.9,2333,1610,2.6,4.7,1897.0,12532,1654,4,0
SUP-002,68.3,6,18.1,2151,6706,2.8,5.1,533.0,10890,2841,5,1
SUP-031,84.5,4,5.6,3065,3571,2.2,1.7,3181.0,8517,2680,6,0
SUP-027,69.7,11,19.1,5518,16152,2.0,5.0,1012.0,24036,5953,0,0
SUP-027,69.7,11,11.1,452,1082,3.0,3.7,449.0,1203,478,0,1
SUP-019,88.9,9,11.7,427,132,2.0,1.6,485.0,2195,542,2,0
SUP-019,88.9,9,15.9,1774,5920,4.8,1.0,365.0,2055,2096,2,0
SUP-015,68.5,13,25.2,1438,946,4.9,6.7,154.0,6781,1629,6,1
SUP-023,96.4,12,18.7,5656,11639,4.3,4.6,1068.0,18432,6162,2,0
SUP-029,53.2,7,15.8,3870,4056,5.0,1.8,92.0,18696,3797,6,1
SUP-020,78.5,2,16.3,871,1404,2.1,1.8,157.0,4642,968,3,0
SUP-022,63.8,2,20.6,7819,13316,4.6,3.4,1339.0,11087,7914,1,1
SUP-028,47.3,9,14.7,5059,3966,1.3,1.5,408.0,21301,3781,1,0
SUP-033,62.3,8,23.0,5167,13370,3.0,1.2,1390.0,27484,6800,7,0
SUP-016,57.0,4,12.5,3544,9844,3.0,0.8,737.0,19698,4799,2,0
SUP-019,88.9,9,10.3,3034,7686,2.1,2.9,1631.0,14874,2965,2,0
SUP-022,63.8,2,9.3,3336,6279,2.0,4.8,935.0,9263,3897,1,0
SUP-009,51.8,11,24.9,1238,2306,3.9,6.0,370.0,3533,1471,4,1
SUP-011,64.7,6,17.3,2816,6285,5.2,4.2,1716.0,8427,2194,4,0
SUP-007,85.3,1,16.1,4764,16323,1.3,7.1,126.0,11238,5739,0,0
SUP-003,90.5,2,17.4,1027,779,3.7,5.3,847.0,5270,1406,5,0
SUP-009,51.8,11,24.1,545,114,,2.2,573.0,1675,559,4,1
SUP-031,84.5,4,14.1,798,1461,1.9,6.5,676.0,2305,619,6,1
SUP-026,55.3,11,16.2,5196,13264,3.4,7.0,1405.0,21174,4345,6,1
SUP-003,90.5,2,17.9,896,1055,4.0,4.8,277.0,1396,964,5,0
SUP-001,86.0,14,14.8,4575,12811,3.5,4.2,2466.0,22728,5817,3,0
SUP-011,64.7,6,11.0,6227,14252,1.1,3.9,380.0,13817,4380,4,0
SUP-002,68.3,6,8.3,1551,2997,0.4,7.1,361.0,2432,2058,5,0
SUP-027,69.7,11,15.3,5377,9048,1.1,4.5,417.0,11913,3154,0,0
SUP-030,81.2,10,13.3,1890,1227,5.2,5.5,1620.0,6029,1726,0,0
SUP-033,62.3,8,14.8,5507,12853,3.0,4.6,963.0,17022,3021,7,0
SUP-034,64.6,6,16.7,1537,432,2.9,3.9,213.0,4533,1468,2,0
SUP-013,79.1,12,16.2,3074,7647,5.3,2.2,1017.0,16085,2531,0,0
SUP-035,69.9,7,7.5,3354,11713,3.4,4.4,208.0,6788,3175,3,0
SUP-037,51.9,0,17.6,13698,29160,0.5,0.9,433.0,15265,9354,1,0
SUP-019,88.9,9,17.5,6076,8881,4.2,4.0,1262.0,34577,7851,2,0
SUP-012,94.1,12,12.5,739,2010,2.0,4.4,480.0,683,911,4,0
SUP-019,88.9,9,17.7,3321,8250,,7.5,856.0,18163,4182,2,0
SUP-001,86.0,14,12.1,578,536,2.5,3.4,559.0,2282,694,3,0
SUP-023,96.4,12,12.6,3757,5928,4.4,2.8,404.0,14717,5041,2,0
SUP-028,47.3,9,18.4,992,772,2.6,5.7,1114.0,2616,708,1,0
SUP-037,51.9,0,16.4,2873,3588,4.4,3.9,624.0,15555,1926,1,0
SUP-033,62.3,8,17.4,738,2323,1.8,2.2,659.0,1135,494,7,0
SUP-018,48.4,10,18.0,3348,718,2.0,2.2,389.0,10453,1692,0,0
SUP-036,55.0,8,20.4,1362,2185,1.5,2.5,399.0,1430,1822,5,0
SUP-034,64.6,6,15.7,8358,3215,3.4,6.7,1597.0,49551,5524,2,1
SUP-020,78.5,2,6.6,3879,4189,2.2,5.7,147.0,22500,2825,3,0
SUP-021,85.2,12,16.4,2619,8472,5.3,5.2,783.0,7461,1481,7,1
SUP-005,50.0,9,16.8,919,2057,,2.8,298.0,2170,609,6,1
SUP-016,57.0,4,15.9,3219,7844,2.4,2.7,782.0,18179,4335,2,0
SUP-008,86.7,4,9.8,4572,13062,3.6,1.3,260.0,24521,2470,6,0
SUP-001,86.0,14,10.2,6684,21045,2.5,7.4,4894.0,35873,7118,3,0
SUP-025,86.3,11,15.7,14703,32366,4.6,3.0,475.0,36323,19253,7,0
SUP-020,78.5,2,13.5,3358,10609,4.5,2.6,177.0,18889,3834,3,0
SUP-030,81.2,10,11.4,1691,4027,2.8,2.9,704.0,2597,2112,0,0
SUP-039,57.0,3,25.5,11286,15563,4.8,5.3,343.0,64566,11862,4,0
SUP-020,78.5,2,16.3,6577,12876,6.0,1.4,623.0,24128,4480,3,0
SUP-012,94.1,12,12.2,1478,2832,0.1,5.5,1011.0,7358,1688,4,1
SUP-004,82.0,12,7.0,1341,2256,1.6,6.2,565.0,5339,703,3,0
SUP-006,96.7,10,12.5,639,613,1.6,2.3,715.0,2660,343,4,0
SUP-012,94.1,12,12.8,4225,3187,5.3,3.0,984.0,22812,5171,4,0
SUP-014,88.6,5,20.2,6102,16082,1.8,3.9,651.0,17634,5996,4,0
SUP-012,94.1,12,11.0,11381,36360,1.7,2.6,356.0,20353,12482,4,0
SUP-021,85.2,12,12.9,3974,4444,2.2,3.7,159.0,7644,4430,7,0
SUP-027,69.7,11,16.0,1647,4607,0.7,4.8,946.0,4102,1986,0,0
SUP-009,51.8,11,18.1,12994,44422,3.3,3.2,137.0,60949,14495,4,0
SUP-016,57.0,4,10.1,1302,4052,1.1,2.3,1719.0,2548,1768,2,0
SUP-005,50.0,9,16.4,2737,3297,0.2,4.1,122.0,10227,3200,6,0
SUP-015,68.5,13,13.0,2834,8868,1.6,3.7,934.0,2305,3052,6,0
SUP-018,48.4,10,22.4,2250,4039,0.7,2.5,122.0,9667,2867,0,1
SUP-016,57.0,4,12.2,2964,10182,3.4,3.5,357.0,8910,2905,2,0
SUP-030,81.2,10,18.4,1939,6283,5.3,3.9,321.0,3421,2429,0,0
SUP-021,85.2,12,13.2,1919,1893,0.5,2.8,320.0,1963,1579,7,1
SUP-023,96.4,12,13.5,2035,6986,2.4,2.2,780.0,2828,2405,2,0
SUP-010,68.9,12,22.6,4300,4788,1.5,4.0,4218.0,15790,4484,5,1
SUP-010,68.9,12,10.2,2740,7616,4.5,6.3,798.0,8292,2943,5,1
SUP-033,62.3,8,20.3,2171,4449,1.6,3.9,568.0,12403,1175,7,1
SUP-034,64.6,6,23.1,763,2253,2.5,5.0,718.0,4309,948,2,0
SUP-008,86.7,4,16.8,2717,1126,2.5,2.0,444.0,11252,2964,6,1
SUP-013,79.1,12,18.6,9175,5412,3.7,4.5,179.0,39277,4747,0,0
SUP-011,64.7,6,14.2,1727,750,2.5,2.8,681.0,8984,2255,4,0
SUP-024,92.3,0,12.7,1154,3262,2.1,2.3,1337.0,5412,829,3,0
SUP-033,62.3,8,22.2,2315,5973,5.3,3.2,329.0,11013,2914,7,1
SUP-023,96.4,12,5.0,5971,20106,5.7,3.9,805.0,20068,3211,2,0
SUP-027,69.7,11,19.2,11759,26980,3.2,3.8,153.0,13110,6694,0,0
SUP-002,68.3,6,15.2,2403,4810,0.9,3.4,668.0,2863,2646,5,1
SUP-037,51.9,0,20.1,4190,13832,1.0,3.1,1098.0,5700,5421,1,0
SUP-036,55.0,8,20.3,1828,1389,1.6,5.3,1193.0,4369,2462,5,1
SUP-010,68.9,12,19.6,6004,13430,1.1,5.7,418.0,25684,8087,5,1
SUP-038,70.2,2,18.5,4600,15341,0.6,1.6,590.0,3738,4195,4,0
SUP-023,96.4,12,17.9,1235,2355,0.5,3.6,334.0,4456,1111,2,0
SUP-007,85.3,1,13.9,2225,4607,4.5,4.3,2082.0,5713,2905,0,0
SUP-003,90.5,2,18.3,4514,3828,1.1,3.1,760.0,27021,3299,5,0
SUP-017,74.4,3,13.4,2865,1784,2.0,1.7,492.0,13702,1968,4,0
SUP-021,85.2,12,21.4,3583,8401,1.3,6.0,632.0,7754,2070,7,0
SUP-022,63.8,2,14.4,8563,18757,2.8,4.4,1015.0,31125,4738,1,0
SUP-034,64.6,6,14.0,850,2347,1.0,4.1,82.0,1639,511,2,0
SUP-026,55.3,11,14.0,8470,9509,2.4,3.2,419.0,19925,8905,6,1
SUP-034,64.6,6,11.2,2908,9451,3.3,2.4,523.0,13890,2624,2,0
SUP-032,96.3,11,15.6,3381,6020,1.7,3.4,332.0,15820,4331,2,0
SUP-005,50.0,9,19.8,604,362,0.5,5.8,1033.0,1159,663,6,1
SUP-034,64.6,6,22.1,1405,364,5.0,4.2,812.0,6157,1650,2,0
SUP-015,68.5,13,14.8,4158,1322,0.4,2.4,175.0,9929,3343,6,0
SUP-032,96.3,11,14.3,1457,4468,3.0,4.1,229.0,3905,1448,2,1
SUP-019,88.9,9,15.3,4275,5173,1.3,4.0,435.0,6308,5608,2,0
SUP-024,92.3,0,11.9,1042,2962,6.9,3.9,1618.0,1035,547,3,0
SUP-026,55.3,11,23.1,1261,1885,4.7,6.1,317.0,3392,1542,6,1
SUP-016,57.0,4,17.8,530,330,1.6,4.4,200.0,961,568,2,0
SUP-024,92.3,0,18.0,5164,11725,1.1,3.1,401.0,29479,4411,3,0
SUP-014,88.6,5,7.3,10083,23824,3.4,3.3,91.0,51043,7928,4,0
SUP-025,86.3,11,19.0,1010,1280,2.2,2.6,286.0,2035,506,7,0
SUP-036,55.0,8,11.3,3562,2145,1.0,5.6,316.0,7106,2951,5,0
SUP-003,90.5,2,10.6,3734,1939,1.4,3.3,766.0,19860,4366,5,0
SUP-033,62.3,8,23.5,17425,7869,,2.2,760.0,84200,9910,7,1
SUP-030,81.2,10,13.8,2988,1502,3.0,5.6,876.0,12761,3256,0,1
SUP-031,84.5,4,13.9,657,1255,1.2,6.8,386.0,1228,738,6,0
SUP-003,90.5,2,17.2,1731,1557,1.0,5.6,1326.0,6691,1406,5,0
SUP-030,81.2,10,13.7,2560,6053,3.0,5.5,576.0,8425,3054,0,0
SUP-030,81.2,10,14.8,5297,1324,4.7,4.7,256.0,6161,3579,0,1
SUP-015,68.5,13,16.4,1061,2092,1.5,2.0,494.0,2499,534,6,0
SUP-035,69.9,7,16.3,1665,5645,2.7,2.5,335.0,1796,1459,3,0
SUP-009,51.8,11,15.5,3572,4251,1.9,3.2,2392.0,7536,2324,4,1
SUP-034,64.6,6,16.7,6621,10706,7.6,3.8,705.0,21607,3723,2,0
SUP-006,96.7,10,15.7,2304,5144,1.0,4.4,1588.0,5408,2594,4,0
SUP-038,70.2,2,15.5,851,1885,3.2,1.7,414.0,5008,481,4,0
SUP-007,85.3,1,11.1,13514,18645,2.4,4.3,483.0,30223,12876,0,0
SUP-004,82.0,12,16.7,1033,1067,4.9,2.0,393.0,5131,694,3,0
SUP-026,55.3,11,18.0,6790,8644,1.3,1.0,86.0,32277,5337,6,0
SUP-024,92.3,0,12.8,1433,4950,2.2,2.3,1206.0,7064,1697,3,0
SUP-031,84.5,4,13.1,3028,2526,1.7,5.0,349.0,12408,2032,6,0
SUP-021,85.2,12,12.7,2291,3345,1.3,7.7,505.0,10401,1293,7,1
SUP-001,86.0,14,22.3,14222,15061,1.6,3.5,775.0,16560,13641,3,1
SUP-033,62.3,8,16.7,2454,2915,1.7,2.5,353.0,12571,1416,7,0
SUP-006,96.7,10,10.8,3375,6138,3.9,2.8,490.0,5464,4133,4,0
SUP-035,69.9,7,12.5,3527,3214,1.2,5.3,389.0,7771,3661,3,1
SUP-031,84.5,4,10.4,7244,15635,0.7,1.5,185.0,28071,5829,6,0
SUP-005,50.0,9,19.2,3921,6448,4.3,4.3,694.0,15782,3306,6,0
SUP-030,81.2,10,13.8,5293,11836,3.2,2.3,962.0,9850,5407,0,0
SUP-022,63.8,2,12.8,2615,2228,1.4,6.2,490.0,7151,3143,1,0
SUP-007,85.3,1,9.3,2320,7539,1.6,2.4,1053.0,10994,2001,0,0
SUP-033,62.3,8,13.7,1754,3240,0.6,2.6,291.0,3708,1706,7,1
SUP-008,86.7,4,15.7,10699,23307,2.5,1.6,307.0,52972,8424,6,0
SUP-029,53.2,7,15.0,1140,1287,1.2,6.4,570.0,3616,1113,6,0
SUP-022,63.8,2,9.3,2044,2726,1.3,2.4,376.0,10380,2040,1,0
SUP-032,96.3,11,18.8,1007,1288,6.5,0.8,133.0,5113,650,2,0
SUP-001,86.0,14,15.0,2823,3154,2.0,2.6,184.0,12578,3021,3,0
SUP-021,85.2,12,12.2,1988,5144,3.3,4.4,1363.0,9560,2071,7,1
SUP-004,82.0,12,12.2,2715,2469,0.6,4.7,549.0,8677,1735,3,0
SUP-020,78.5,2,24.0,2812,1174,3.6,1.9,883.0,16069,2984,3,0
SUP-023,96.4,12,16.8,809,746,1.7,6.9,1423.0,4682,777,2,0
SUP-006,96.7,10,16.8,1112,1118,1.4,4.2,1043.0,4583,1471,4,0
SUP-002,68.3,6,22.2,3789,11244,0.3,3.6,2185.0,6755,5080,5,1
SUP-034,64.6,6,20.0,9000,27317,2.0,2.1,479.0,21115,6202,2,0
SUP-010,68.9,12,13.4,1424,1743,1.1,4.3,294.0,3927,1968,5,1
SUP-003,90.5,2,16.8,10045,15192,3.7,0.9,614.0,49051,5284,5,0
SUP-029,53.2,7,26.8,2926,1250,2.4,4.9,898.0,13980,3532,6,1
SUP-031,84.5,4,8.0,16369,52984,3.4,2.7,4817.0,44431,14726,6,0
SUP-033,62.3,8,11.6,3355,11239,4.9,1.0,,3288,3727,7,0
SUP-021,85.2,12,6.3,1474,2417,1.6,1.0,519.0,5492,1856,7,0
SUP-031,84.5,4,7.8,2970,9981,1.7,1.1,200.0,7784,2413,6,0
SUP-026,55.3,11,13.9,1029,2729,3.9,2.6,889.0,5022,1163,6,0
SUP-011,64.7,6,17.9,1170,2176,1.3,5.4,349.0,6977,1388,4,0
SUP-028,47.3,9,20.5,7130,7974,0.7,1.0,561.0,42665,4721,1,0
SUP-026,55.3,11,19.8,2130,3038,4.5,0.2,157.0,6664,2077,6,0
SUP-008,86.7,4,13.0,1266,2617,2.2,4.2,2036.0,5417,1128,6,0
SUP-016,57.0,4,20.7,2129,4142,1.2,1.7,414.0,1714,1374,2,0
SUP-024,92.3,0,6.1,1502,476,3.2,5.3,706.0,4619,979,3,0
SUP-030,81.2,10,15.9,2226,6300,2.3,1.3,763.0,6994,2793,0,0
SUP-002,68.3,6,22.6,2143,5361,0.4,0.6,510.0,7775,2765,5,0
SUP-009,51.8,11,18.3,5587,17631,2.0,4.1,668.0,25967,6650,4,0
SUP-038,70.2,2,15.8,2284,4066,6.6,7.3,398.0,5811,1624,4,1
SUP-035,69.9,7,11.1,5204,12237,0.7,5.0,205.0,17644,3378,3,0
SUP-025,86.3,11,10.5,2277,3668,4.5,5.9,2363.0,9668,1204,7,1
SUP-007,85.3,1,23.1,1579,1889,1.4,5.8,164.0,8804,1899,0,0
SUP-017,74.4,3,13.1,1321,2444,1.4,3.1,1829.0,1235,1050,4,0
SUP-029,53.2,7,15.6,2119,4541,1.6,2.6,1092.0,7531,2676,6,0
SUP-013,79.1,12,16.9,3356,11223,2.3,3.0,207.0,16813,2394,0,0
SUP-032,96.3,11,12.0,1045,2178,4.1,1.8,114.0,2568,1388,2,0
SUP-035,69.9,7,17.0,4704,5170,1.6,4.8,1460.0,27563,3322,3,0
SUP-028,47.3,9,18.4,6135,16800,1.1,3.0,761.0,18314,8508,1,0
SUP-025,86.3,11,10.4,13110,8174,2.3,1.0,534.0,69091,7708,7,1
SUP-021,85.2,12,11.5,560,1459,4.2,2.9,239.0,939,640,7,1
SUP-007,85.3,1,18.4,5747,7537,1.4,2.5,696.0,11723,6779,0,0
SUP-004,82.0,12,5.6,937,513,4.4,6.3,1012.0,2083,1168,3,1
SUP-030,81.2,10,10.2,4394,5034,4.3,4.0,314.0,6709,3941,0,0
SUP-037,51.9,0,21.8,2901,9767,3.7,2.2,308.0,4723,1451,1,0
SUP-032,96.3,11,16.4,7150,6808,5.1,4.5,,6363,7229,2,0
SUP-026,55.3,11,10.9,2879,4095,2.4,5.4,232.0,7067,1520,6,1
SUP-017,74.4,3,7.9,4758,1488,0.1,4.8,1868.0,12408,5251,4,0
SUP-038,70.2,2,15.8,5099,14246,5.0,4.4,862.0,22776,6995,4,0
SUP-008,86.7,4,14.8,1942,5881,3.9,1.4,87.0,5484,2435,6,0
SUP-027,69.7,11,9.9,691,213,3.1,1.8,122.0,3217,869,0,0
SUP-010,68.9,12,24.4,5069,7520,0.7,1.5,668.0,25528,3324,5,0
SUP-038,70.2,2,24.0,3931,13733,2.2,2.6,823.0,22221,5441,4,0
SUP-033,62.3,8,10.8,4892,16111,4.4,2.8,458.0,17319,4218,7,1
SUP-023,96.4,12,15.5,5563,1398,3.2,3.8,242.0,18020,6621,2,0
